Index,Name,Effect,Type,Category,Power,Accuracy,PP,Generation
1,Pound,Deals damage with no additional effect.,Normal,Physical,40,100,35,1
2,Karate Chop,Has a high critical hit ratio.,Fighting,Physical,50,100,25,1
3,Double Slap,Attacks 2-5 times in one turn; if one of these attacks breaks a target's Substitute the target will take damage for the rest of the hits. This move has a 3/8 chance to hit twice a 3/8 chance to hit three times a 1/8 chance to hit four times and a 1/8 chance to hit five times. If the user of this move has Skill Link this move will always strike five times.,Normal,Physical,15,85,10,1
4,Comet Punch,Attacks 2-5 times in one turn; if one of these attacks breaks a target's Substitute the target will take damage for the rest of the hits. This move has a 3/8 chance to hit twice a 3/8 chance to hit three times a 1/8 chance to hit four times and a 1/8 chance to hit five times. If the user of this move has Skill Link this move will always strike five times.,Normal,Physical,18,85,15,1
5,Mega Punch,Deals damage with no additional effect.,Normal,Physical,80,85,20,1
6,Pay Day,The player picks up extra money after in-game battles; the money received is equal to: [user's level * 5 * number of times Pay Day is used]. The player does not lose money if the opponent uses Pay Day but the player wins the battle.,Normal,Physical,40,100,20,1
7,Fire Punch,Has a 10% chance to burn the target.,Fire,Physical,75,100,15,1
8,Ice Punch,Has a 10% chance to freeze the target.,Ice,Physical,75,100,15,1
9,Thunder Punch,Has a 10% chance to paralyze the target.,Electric,Physical,75,100,15,1
10,Scratch,Deals damage with no additional effect.,Normal,Physical,40,100,35,1
11,Vice Grip,Deals damage with no additional effect.,Normal,Physical,55,100,30,1
12,Guillotine,The target faints; doesn't work on higher-leveled Pokemon.,Normal,Physical,0,0,5,1
13,Razor Wind,The user prepares on turn one becoming uncontrollable and then attacks on turn two. Has a high critical hit ratio.,Normal,Special,80,0,10,1
14,Swords Dance,Raises the user's Attack by 2 stages.,Normal,Status,0,0,20,1
15,Cut,Deals damage with no additional effect.,Normal,Physical,50,95,30,1
16,Gust,Power doubles if the target is in mid-air via Fly or Bounce.,Flying,Special,40,100,35,1
17,Wing Attack,Deals damage with no additional effect.,Flying,Physical,60,100,35,1
18,Whirlwind,Almost always goes last; in trainer battles the target is switched out for a random member of its team. Escapes from wild battles. Has no effect if the target has Suction Cups or used Ingrain.,Normal,Status,0,0,20,1
19,Fly,On the first turn the user flies into the air becoming uncontrollable and evades most attacks. Gust Twister Thunder and Sky Uppercut have normal accuracy against a mid-air Pokemon with Gust and Twister also gaining doubled power. The user may also be hit in mid-air if it was previously targeted by Lock-On or Mind Reader or if it is attacked by a Pokemon with No Guard. On the second turn the user attacks.,Flying,Physical,90,95,15,1
20,Bind,Traps the target for 5-6 turns causing damage equal to 1/16 of its max HP each turn; this trapped effect can be broken by Rapid Spin. The target can still switch out if it is holding Shed Shell or uses Baton Pass or U-Turn.,Normal,Physical,15,0,20,1
21,Slam,Deals damage with no additional effect.,Normal,Physical,80,75,20,1
22,Vine Whip,Deals damage with no additional effect.,Grass,Physical,45,100,25,1
23,Stomp,Has a 30% chance to make the target flinch; also retains its normal accuracy and gains doubled power against Minimized Pokemon.,Normal,Physical,65,100,20,1
24,Double Kick,Strikes twice; if the first hit breaks the target's Substitute the real Pokemon will take damage from the second hit.,Fighting,Physical,30,100,30,1
25,Mega Kick,Deals damage with no additional effect.,Normal,Physical,120,75,5,1
26,Jump Kick,If this attack misses the target the user half of its max health in recoil damage.,Fighting,Physical,100,95,10,1
27,Rolling Kick,Has a 30% chance to make the target flinch.,Fighting,Physical,60,85,15,1
28,Sand Attack,Lowers the target's Accuracy by 1 stage.,Ground,Status,0,100,15,1
29,Headbutt,Has a 30% chance to make the target flinch.,Normal,Physical,70,100,15,1
30,Horn Attack,Deals damage with no additional effect.,Normal,Physical,65,100,25,1
31,Fury Attack,Attacks 2-5 times in one turn; if one of these attacks breaks a target's Substitute the target will take damage for the rest of the hits. This move has a 3/8 chance to hit twice a 3/8 chance to hit three times a 1/8 chance to hit four times and a 1/8 chance to hit five times. If the user of this move has Skill Link this move will always strike five times.,Normal,Physical,15,85,20,1
32,Horn Drill,The target faints; doesn't work on higher-leveled Pokemon.,Normal,Physical,0,0,5,1
33,Tackle,Deals damage with no additional effect.,Normal,Physical,40,0,35,1
34,Body Slam,Has a 30% chance to paralyze the target.,Normal,Physical,85,100,15,1
35,Wrap,Traps the target for 5-6 turns causing damage equal to 1/16 of its max HP each turn; this trapped effect can be broken by Rapid Spin. The target can still switch out if it is holding Shed Shell or uses Baton Pass or U-Turn.,Normal,Physical,15,0,20,1
36,Take Down,The user receives 1/4 recoil damage.,Normal,Physical,90,85,20,1
37,Thrash,The user attacks uncontrollably for 2-3 turns and then gets confused.,Normal,Physical,120,100,10,1
38,Double-Edge,The user receives 1/3 recoil damage.,Normal,Physical,120,100,15,1
39,Tail Whip,Lowers the target's Defense by 1 stage.,Normal,Status,0,100,30,1
40,Poison Sting,Has a 30% chance to poison the target.,Poison,Physical,15,100,35,1
41,Twineedle,Strikes twice; if the first hit breaks the target's Substitute the real Pokemon will take damage from the second hit. Has a 20% chance to poison the target .,Bug,Physical,25,100,20,1
42,Pin Missile,Attacks 2-5 times in one turn; if one of these attacks breaks a target's Substitute the target will take damage for the rest of the hits. This move has a 3/8 chance to hit twice a 3/8 chance to hit three times a 1/8 chance to hit four times and a 1/8 chance to hit five times. If the user of this move has Skill Link this move will always strike five times.,Bug,Physical,25,0,20,1
43,Leer,Lowers the target's Defense by 1 stage.,Normal,Status,0,100,30,1
44,Bite,Has a 30% chance to make the target flinch.,Dark,Physical,60,100,25,1
45,Growl,Lowers the target's Attack by 1 stage.,Normal,Status,0,100,40,1
46,Roar,Almost always goes last; in trainer battles the target is switched out for a random member of its team. Escapes from wild battles. Has no effect if the target has Suction Cups Soundproof or used Ingrain.,Normal,Status,0,0,20,1
47,Sing,Puts the target to sleep.,Normal,Status,0,55,15,1
48,Supersonic,Confuses the target.,Normal,Status,0,55,20,1
49,Sonic Boom,Always deals 20 points of damage.,Normal,Special,0,90,20,1
50,Disable,The target cannot choose its last move for 4-7 turns. Disable only works on one move at a time and fails if the target has not yet used a move or if its move has run out of PP. The target does nothing if it is about to use a move that becomes disabled.,Normal,Status,0,0,20,1
51,Acid,Has a 10% chance to lower the target's Special Defense by 1 stage.,Poison,Special,40,100,30,1
52,Ember,Has a 10% chance to burn the target.,Fire,Special,40,100,25,1
53,Flamethrower,Has a 10% chance to burn the target.,Fire,Special,90,100,15,1
54,Mist,Protects every Pokemon on the user's team from negative stat modifiers caused by other Pokemon (including teammates) but not by itself for five turns. The team's Accuracy and Evasion stats are also protected. Moves that cause negative stat modifiers as a secondary effect such as Psychic still deal their regular damage.,Ice,Status,0,0,30,1
55,Water Gun,Deals damage with no additional effect.,Water,Special,40,100,25,1
56,Hydro Pump,Deals damage with no additional effect.,Water,Special,110,80,5,1
57,Surf,Power doubles against a target who is in the middle of using Dive.,Water,Special,90,100,15,1
58,Ice Beam,Has a 10% chance to freeze the target.,Ice,Special,90,100,10,1
59,Blizzard,Has a 10% chance to freeze the target. During Hail this move will never miss under normal circumstances and has a 30% chance to hit through a target's Protect or Detect.,Ice,Special,110,0,5,1
60,Psybeam,Has a 10% chance to confuse the target.,Psychic,Special,65,100,20,1
61,Bubble Beam,Has a 10% chance to lower the target's Speed by 1 stage.,Water,Special,65,100,20,1
62,Aurora Beam,Has a 10% chance to lower the target's Attack by 1 stage.,Ice,Special,65,100,20,1
63,Hyper Beam,The user recharges during its next turn; as a result until the end of the next turn the user becomes uncontrollable.,Normal,Special,150,90,5,1
64,Peck,Deals damage with no additional effect.,Flying,Physical,35,100,35,1
65,Drill Peck,Deals damage with no additional effect.,Flying,Physical,80,100,20,1
66,Submission,The user receives 1/4 recoil damage.,Fighting,Physical,80,80,20,1
67,Low Kick,Base power increases as the target's weight increases.,Fighting,Physical,0,0,20,1
68,Counter,Almost always goes last; if an opponent strikes with a Physical attack before the user's turn the user retaliates for twice the damage it had endured. In double battles this attack targets the last opponent to hit the user with a Physical attack and cannot hit the user's teammate.,Fighting,Physical,0,100,20,1
69,Seismic Toss,Does damage equal to user's level.,Fighting,Physical,0,100,20,1
70,Strength,Deals damage with no additional effect.,Normal,Physical,80,100,15,1
71,Absorb,Restores the user's HP by 1/2 of the damage inflicted on the target.,Grass,Special,20,100,25,1
72,Mega Drain,Restores the user's HP by 1/2 of the damage inflicted on the target.,Grass,Special,40,100,15,1
73,Leech Seed,The user steals 1/8 of the target's max HP until the target is switched out is KO'ed or uses Rapid Spin; does not work against Grass-type Pokemon or Pokemon behind Substitutes.,Grass,Status,0,90,10,1
74,Growth,Raises the user's Attack and Special Attack by 1 stage. If the weather is Sun Growth raises Attack and SpAttk two stages each. ,Normal,Status,0,0,20,1
75,Razor Leaf,Has a high critical hit ratio.,Grass,Physical,55,95,25,1
76,Solar Beam,The user prepares on turn one becoming uncontrollable and then attacks on turn two. During Sunny Day this move fires immediately; during Rain Dance Sandstorm and Hail this move has half power.,Grass,Special,120,100,10,1
77,Poison Powder,Poisons the target.,Poison,Status,0,75,35,1
78,Stun Spore,Paralyzes the target.,Grass,Status,0,75,30,1
79,Sleep Powder,Puts the target to sleep.,Grass,Status,0,75,15,1
80,Petal Dance,The user attacks uncontrollably for 2-3 turns and then gets confused.,Grass,Special,120,100,10,1
81,String Shot,Lowers the target's Speed by 1 stage.,Bug,Status,0,95,40,1
82,Dragon Rage,Always deals 40 points of damage.,Dragon,Special,0,100,10,1
83,Fire Spin,Traps the target for 5-6 turns causing damage equal to 1/16 of its max HP each turn; this trapped effect can be broken by Rapid Spin. The target can still switch out if it is holding Shed Shell or uses Baton Pass or it uses U-Turn.,Fire,Special,35,0,15,1
84,Thunder Shock,Has a 10% chance to paralyze the target.,Electric,Special,40,100,30,1
85,Thunderbolt,Has a 10% chance to paralyze the target.,Electric,Special,90,100,15,1
86,Thunder Wave,Paralyzes the target. This move activates Motor Drive.,Electric,Status,0,0,20,1
87,Thunder,Has a 30% chance to paralyze the target. It also has normal accuracy against mid-air Pokemon who have used Fly or Bounce. During Sunny Day this move has 50% accuracy. During Rain Dance this move will never miss under normal circumstances and has a 30% chance to hit through a target's Protect or Detect.,Electric,Special,110,70,10,1
88,Rock Throw,Deals damage with no additional effect.,Rock,Physical,50,0,15,1
89,Earthquake,Power doubles when performed against Pokemon using Dig.,Ground,Physical,100,100,10,1
90,Fissure,The target faints; doesn't work on higher-leveled Pokemon.,Ground,Physical,0,0,5,1
91,Dig,On the first turn the user digs underground becoming uncontrollable and evades all attacks. Earthquake and Magnitude can hit underground and gain doubled power. The user may also be hit underground if it was previously targeted by Lock-On or Mind Reader or if it is attacked by a Pokemon with No Guard. On the second turn the user attacks.,Ground,Physical,80,100,10,1
92,Toxic,The target is badly poisoned with the damage caused by poison doubling after each turn. Toxic poisoning will remain with the Pokemon during the battle even after switching out.,Poison,Status,0,0,10,1
93,Confusion,Has a 10% chance to confuse the target.,Psychic,Special,50,100,25,1
94,Psychic,Has a 10% chance to lower the target's Special Defense by 1 stage.,Psychic,Special,90,100,10,1
95,Hypnosis,Puts the target to sleep.,Psychic,Status,0,0,20,1
96,Meditate,Raises the user's Attack by 1 stage.,Psychic,Status,0,0,40,1
97,Agility,Raises the user's Speed by 2 stages.,Psychic,Status,0,0,30,1
98,Quick Attack,Usually goes first.,Normal,Physical,40,100,30,1
99,Rage,The user's Attack rises by 1 stage if attacked before its next move.,Normal,Physical,20,100,20,1
100,Teleport,Escapes from wild battles; fails automatically in trainer and link battles.,Psychic,Status,0,0,20,1
101,Night Shade,Does damage equal to user's level.,Ghost,Special,0,100,15,1
102,Mimic,This move is temporarily replaced by the target's last move; the replacement move will have 5 PP and become part of the user's moveset until the user switches out or the battle ends. Mimic copies attacks even if they miss or the user has immunity toward their type; it cannot copy itself Struggle Transform Sketch Metronome or moves that the user already knows and it will fail if the target has yet to use a move.,Normal,Status,0,0,10,1
103,Screech,Lowers the target's Defense by 2 stages.,Normal,Status,0,85,40,1
104,Double Team,Raises the user's Evasion by 1 stage.,Normal,Status,0,0,15,1
105,Recover,Restores 1/2 of the user's max HP.,Normal,Status,0,0,10,1
106,Harden,Raises the user's Defense by 1 stage.,Normal,Status,0,0,30,1
107,Minimize,Raises the user's Evasion by 2 stage; however Stomp retains its normal accuracy and gains doubled power against Minimized Pokemon.,Normal,Status,0,0,10,1
108,Smokescreen,Lowers the target's Accuracy by 1 stage.,Normal,Status,0,100,20,1
109,Confuse Ray,Confuses the target.,Ghost,Status,0,100,10,1
110,Withdraw,Raises the user's Defense by 1 stage.,Water,Status,0,0,40,1
111,Defense Curl,Raises the user's Defense by 1 stage; after one use of this move the user's starting base power is doubled for every use of Rollout or Ice Ball.,Normal,Status,0,0,40,1
112,Barrier,Raises the user's Defense by 2 stages.,Psychic,Status,0,0,20,1
113,Light Screen,All Pokemon in the user's party receive 1/2 damage from Special attacks for 5 turns. Light Screen will be removed from the user's field if an opponent's Pokemon uses Brick Break. It will also last for eight turns if its user is holding Light Clay. In double battles both Pokemon are shielded but damage protection is reduced from 1/2 to 1/3.,Psychic,Status,0,0,30,1
114,Haze,Eliminates any stat modifiers from all active Pokemon. The stat boosts from Choice Band Choice Lens and Choice Scarf are not affected.,Ice,Status,0,0,30,1
115,Reflect,All Pokemon in the user's party receive 1/2 damage from Physical attacks for 5 turns. Reflect will be removed from the user's field if an opponent's Pokemon uses Brick Break. It will also last for eight turns if its user is holding Light Clay. In double battles both Pokemon are shielded but damage protection is reduced from 1/2 to 1/3.,Psychic,Status,0,0,20,1
116,Focus Energy,Raises the user's chance for a Critical Hit by two domains.,Normal,Status,0,0,30,1
117,Bide,Usually goes first for the duration of the move. The user absorbs all damage for two turns and then during the third turn the user inflicts twice the absorbed damage on its target. This move ignores the target's type and even hits Ghost-type Pokemon.,Normal,Physical,0,0,10,1
118,Metronome,The user performs a randomly selected move; almost any move in the game could be picked. Metronome cannot generate itself Assist Chatter Copycat Counter Covet Destiny Bond Detect Endure Feint Focus Punch Follow Me Helping Hand Me First Mimic Mirror Coat Mirror Move Protect Sketch Sleep Talk Snatch Struggle Switcheroo Thief Trick or any move that the user already knows.,Normal,Status,0,0,10,1
119,Mirror Move,The user performs the last move executed by its target; if applicable an attack's damage is calculated with the user's stats level and type(s). This moves fails if the target has not yet used a move. Mirror Move cannot copy Encore Struggle global moves affecting all Pokemon on the field (such as Gravity Hail Rain Dance Sandstorm and Sunny Day) moves that can bypass Protect (Acupressure Doom Desire Future Sight Imprison Perish Song Psych Up Role Play and Transform) and moves that do not have a specific target (such as Light Screen Reflect Safeguard Spikes Stealth Rock and Toxic Spikes).,Flying,Status,0,0,20,1
120,Self-Destruct,Causes the user to faint.,Normal,Physical,200,100,5,1
121,Egg Bomb,Deals damage with no additional effect.,Normal,Physical,100,75,10,1
122,Lick,Has a 30% chance to paralyze the target.,Ghost,Physical,30,100,30,1
123,Smog,Has a 40% chance to poison the target.,Poison,Special,30,70,20,1
124,Sludge,Has a 30% chance to poison the target.,Poison,Special,65,100,20,1
125,Bone Club,Has a 10% chance to make the target flinch.,Ground,Physical,65,85,20,1
126,Fire Blast,Has a 10% chance to burn the target.,Fire,Special,110,85,5,1
127,Waterfall,Has a 20% chance to make the target flinch.,Water,Physical,80,100,15,1
128,Clamp,Traps the target for 5-6 turns causing damage equal to 1/16 of its max HP each turn; this trapped effect can be broken by Rapid Spin. The target can still switch out if it is holding Shed Shell or uses Baton Pass or U-Turn.,Water,Physical,35,0,15,1
129,Swift,Ignores Evasion and Accuracy modifiers and never misses except against Protect Detect or a target in the middle of Dig Fly Dive or Bounce.,Normal,Special,60,0,20,1
130,Skull Bash,The user prepares on turn one raising its Defense by 1 stage and becoming uncontrollable and then attacks on turn two.,Normal,Physical,130,100,10,1
131,Spike Cannon,Attacks 2-5 times in one turn; if one of these attacks breaks a target's Substitute the target will take damage for the rest of the hits. This move has a 3/8 chance to hit twice a 3/8 chance to hit three times a 1/8 chance to hit four times and a 1/8 chance to hit five times. If the user of this move has Skill Link this move will always strike five times.,Normal,Physical,20,100,15,1
132,Constrict,Has a 10% chance to lower the target's Speed by 1 stage.,Normal,Physical,10,100,35,1
133,Amnesia,Raises the user's Special Defense by 2 stages.,Psychic,Status,0,0,20,1
134,Kinesis,Lowers the target's Accuracy by 1 stage.,Psychic,Status,0,80,15,1
135,Soft-Boiled,Restores 1/2 of the user's max HP.,Normal,Status,0,0,10,1
136,High Jump Kick,If this attack misses the target the user half of its max health in recoil damage.,Fighting,Physical,130,90,10,1
137,Glare,Paralyzes the target.,Normal,Status,0,0,30,1
138,Dream Eater,Restores the user's HP by 1/2 of the damage inflicted on the target but only works on a sleeping target.,Psychic,Special,100,100,15,1
139,Poison Gas,Poisons the target.,Poison,Status,0,0,40,1
140,Barrage,Attacks 2-5 times in one turn; if one of these attacks breaks a target's Substitute the target will take damage for the rest of the hits. This move has a 3/8 chance to hit twice a 3/8 chance to hit three times a 1/8 chance to hit four times and a 1/8 chance to hit five times. If the user of this move has Skill Link this move will always strike five times.,Normal,Physical,15,85,20,1
141,Leech Life,Restores the user's HP by 1/2 of the damage inflicted on the target.,Bug,Physical,80,100,10,1
142,Lovely Kiss,Puts the target to sleep.,Normal,Status,0,75,10,1
143,Sky Attack,The user prepares on turn one becoming uncontrollable and then attacks on turn two. Also has a 30% chance to make the target flinch.,Flying,Physical,140,90,5,1
144,Transform,The user morphs into a near-exact copy of the target. Stats stat modifiers type moves Hidden Power data and appearance are changed; the user's level and HP remain the same and each copied move receives only 5 PP. (If Transform is used by Ditto the effects of Metal Powder and Quick Powder stop working after transformation.),Normal,Status,0,0,10,1
145,Bubble,Has a 10% chance to lower the target's Speed by 1 stage.,Water,Special,40,100,30,1
146,Dizzy Punch,Has a 20% chance to confuse the target.,Normal,Physical,70,100,10,1
147,Spore,Puts the target to sleep.,Grass,Status,0,100,15,1
148,Flash,Lowers the target's Accuracy by 1 stage.,Normal,Status,0,0,20,1
149,Psywave,Randomly inflicts set damage equal to .5x .6x .7x .8x .9x 1.0x 1.1x 1.2x 1.3x 1.4x or 1.5x the user's level.,Psychic,Special,0,0,15,1
150,Splash,Doesn't do anything (but we still love it). Unfortunately it also cannot be used during the effects of Gravity! :(,Normal,Status,0,0,40,1
151,Acid Armor,Raises the user's Defense by 2 stages.,Poison,Status,0,0,20,1
152,Crabhammer,Has a high critical hit ratio.,Water,Physical,100,0,10,1
153,Explosion,Causes the user to faint.,Normal,Physical,250,100,5,1
154,Fury Swipes,Attacks 2-5 times in one turn; if one of these attacks breaks a target's Substitute the target will take damage for the rest of the hits. This move has a 3/8 chance to hit twice a 3/8 chance to hit three times a 1/8 chance to hit four times and a 1/8 chance to hit five times. If the user of this move has Skill Link this move will always strike five times.,Normal,Physical,18,80,15,1
155,Bonemerang,Strikes twice; if the first hit breaks the target's Substitute the real Pokemon will take damage from the second hit.,Ground,Physical,50,90,10,1
156,Rest,The user is cured of status effects (and confusion) and recovers full HP but falls asleep for 2 turns. Pokemon who have Early Bird will wake up one turn early.,Psychic,Status,0,0,10,1
157,Rock Slide,Has a 30% chance to make the target flinch.,Rock,Physical,75,90,10,1
158,Hyper Fang,Has a 10% chance to make the target flinch.,Normal,Physical,80,90,15,1
159,Sharpen,Raises the user's Attack by 1 stage.,Normal,Status,0,0,30,1
160,Conversion,The user's type changes to match the type of one of its four attacks. This move fails if the user cannot change its type under this condition.,Normal,Status,0,0,30,1
161,Tri Attack,Has a 20% chance to burn paralyze or freeze the target.,Normal,Special,80,100,10,1
162,Super Fang,This move halves the target's current HP.,Normal,Physical,0,90,10,1
163,Slash,Has a high critical hit ratio.,Normal,Physical,70,100,20,1
164,Substitute,The user takes one-fourth of its maximum HP to create a substitute; this move fails if the user does not have enough HP for this. Until the substitute is broken it receives damage from all attacks made by other Pokemon and shields the user from status effects and stat modifiers caused by other Pokemon. The user is still affected by Tickle Hail Sandstorm and Attract from behind its Substitute. If a Substitute breaks from a hit during a multistrike move such as Fury Attack the user takes damage from the remaining strikes.,Normal,Status,0,0,10,1
165,Struggle,Used automatically when all of the user's other moves have run out of PP or are otherwise inaccessible. The user receives recoil damage equal to 1/4 of its max HP. Struggle is classified as a typeless move and will hit any Pokemon for normal damage.,Normal,Physical,50,0,1,1
166,Sketch,The user permanently replaces Sketch with the last move used by the target. Sketch cannot copy itself Chatter Memento or Struggle. Transform and moves that generate other moves can be Sketched successfully as can Explosion and Selfdestruct if a Pokemon with Damp is present. Healing Wish and Lunar Dance can be Sketched because they automatically fail when the user is the last Pokemon of its team. This move fails automatically when selected in wireless or Wi-Fi battles.,Normal,Status,0,0,1,2
167,Triple Kick,Attacks three times in one turn adding 10 BP for each kick. If a kick misses the move ends instantly; if one of the kicks breaks a target's Substitute the real Pokemon will take damage for the remaining kicks.,Fighting,Physical,10,90,10,2
168,Thief,Steals the target's held item unless the user is already holding an item or the target has Sticky Hold or Multitype. A stolen item cannot be recovered by using Recycle.,Dark,Physical,60,100,25,2
169,Spider Web,As long as the user remains in battle the target cannot switch out unless it is holding Shed Shell or uses Baton Pass or U-Turn. The target will still be trapped if the user switches out by using Baton Pass.,Bug,Status,0,0,10,2
170,Mind Reader,This move ensures that the user's next attack will hit against its current target. This effect can be Baton Passed to another Pokemon. Mind Reader fails against Pokemon in the middle of using Protect Detect Dig Fly Bounce or Dive as well as Pokemon behind a Substitute. If the target uses Protect or Detect during its next turn the user's next move has a [100 Varmove's normal accuracy]% chance to hit through Protect or Detect. OHKO moves do not benefit from this trait.,Normal,Status,0,0,5,2
171,Nightmare,This move only works on a sleeping target; as long as the target remains asleep and in battle 1/4 of its max HP is sapped after each turn.,Ghost,Status,0,100,15,2
172,Flame Wheel,Has a 10% chance to burn the target; can be used while frozen which both attacks the target normally and thaws the user.,Fire,Physical,60,100,25,2
173,Snore,Has a 30% chance to make the target flinch; fails if user is awake.,Normal,Special,50,100,15,2
174,Curse,When used by a Ghost-type the user sacrifices half of its max HP to sap the target by 1/4 of its max HP per turn. When used by anything else the user's Speed is decreased by 1 stage and its Attack and Defense are increased by 1 stage.,Ghost,Status,0,0,10,2
175,Flail,Base power increases as the user's HP decreases.,Normal,Physical,0,100,15,2
176,Conversion 2,The user's type changes to one that resists the type of the last attack that hit the user. In double battles this situation holds even when the user is last hit by an attack from its partner.,Normal,Status,0,0,30,2
177,Aeroblast,Has a high critical hit ratio.,Flying,Special,100,95,5,2
178,Cotton Spore,Lowers the target's Speed by 2 stages.,Grass,Status,0,0,40,2
179,Reversal,Base power increases as the user's HP decreases.,Fighting,Physical,0,100,15,2
180,Spite,The target's most recent move is reduced by 4 PP; this fails if the target has not yet performed a move if the target's last move has run out of PP or if the target can only use Struggle.,Ghost,Status,0,100,10,2
181,Powder Snow,Has a 10% chance to freeze the target.,Ice,Special,40,100,25,2
182,Protect,Almost always goes first. The user is protected from all attacks for one turn but the move's success rate halves with each consecutive use of Protect Detect or Endure. If a Pokemon has No Guard or used Lock-On or Mind Reader against the user during the previous turn its attack has a [100 Varmove's normal accuracy]% chance to hit through Protect; OHKO moves do not benefit from this effect. Blizzard has a 30% to hit through this move during Hail as does Thunder during Rain Dance.,Normal,Status,0,0,10,2
183,Mach Punch,Usually goes first.,Fighting,Physical,40,100,30,2
184,Scary Face,Lowers the target's Speed by 2 stages.,Normal,Status,0,0,10,2
185,Feint Attack,Ignores Evasion and Accuracy modifiers and never misses except against Protect Detect or a target in the middle of Dig Fly Dive or Bounce.,Dark,Physical,60,0,20,2
186,Sweet Kiss,Confuses the target.,Fairy,Status,0,75,10,2
187,Belly Drum,The user maximizes its Attack but sacrifices 50% of its max HP.,Normal,Status,0,0,10,2
188,Sludge Bomb,Has a 30% chance to poison the target.,Poison,Special,90,100,10,2
189,Mud-Slap,Has a 30% chance to lower the target's Accuracy by 1 stage.,Ground,Special,20,100,10,2
190,Octazooka,Has a 50% chance to lower the target's Accuracy by 1 stage.,Water,Special,65,85,10,2
191,Spikes,Damages opponents unless they are Flying-type or have Levitate every time they are switched in; hits through Wonder Guard. Can be used up to three times: saps 1/8 of max HP with one layer 3/16 of max HP with two layers and 1/4 of max HP for three layers.,Ground,Status,0,0,20,2
192,Zap Cannon,Paralyzes the target.,Electric,Special,120,50,5,2
193,Foresight,Until the target faints or switches the user's Accuracy modifiers and the target's Evasion modifiers are ignored. Ghost-type targets also lose their immunities against Normal-type and Fighting-type moves.,Normal,Status,0,0,40,2
194,Destiny Bond,Causes an opponent to faint if its next attack KOs the user.,Ghost,Status,0,0,5,2
195,Perish Song,All active Pokemon will faint in 3 turns unless they are switched out.,Normal,Status,0,0,5,2
196,Icy Wind,Lowers the target's Speed by 1 stage.,Ice,Special,55,95,15,2
197,Detect,Almost always goes first. The user is protected from all attacks for one turn but the move's success rate halves with each consecutive use of Protect Detect or Endure. If a Pokemon has No Guard or used Lock-On or Mind Reader against the user during the previous turn its attack has a [100 Varmove's normal accuracy]% chance to hit through Detect; OHKO moves do not benefit from this effect. Blizzard has a 30% to hit through this move during Hail as does Thunder during Rain Dance.,Fighting,Status,0,0,5,2
198,Bone Rush,Attacks 2-5 times in one turn; if one of these attacks breaks a target's Substitute the target will take damage for the rest of the hits. This move has a 3/8 chance to hit twice a 3/8 chance to hit three times a 1/8 chance to hit four times and a 1/8 chance to hit five times. If the user of this move has Skill Link this move will always strike five times.,Ground,Physical,25,0,10,2
199,Lock-On,This move ensures that the user's next attack will hit against its current target. This effect can be Baton Passed to another Pokemon. Lock-On fails against Pokemon in the middle of using Protect Detect Dig Fly Bounce or Dive as well as Pokemon behind a Substitute. If the target uses Protect or Detect during its next turn the user's next move has a [100 Varmove's normal accuracy]% chance to hit through Protect or Detect. OHKO moves do not benefit from this trait.,Normal,Status,0,0,5,2
200,Outrage,The user attacks uncontrollably for 2-3 turns and then gets confused.,Dragon,Physical,120,100,10,2
201,Sandstorm,Cancels all other weather moves. For 5 turns: the Special Defense of Rock-type Pokemon is boosted by 50% each active Pokemon even when protected by a Substitute loses 1/16 of its max HP unless it has Sand Veil or is a Ground- Rock- or Steel-type the power of Solarbeam is halved and the healing power of Morning Sun Synthesis and Moonlight is halved. The effects of Sandstorm will last for eight turns if its user is holding Smooth Rock.,Rock,Status,0,0,10,2
202,Giga Drain,Restores the user's HP by 1/2 of the damage inflicted on the target.,Grass,Special,75,100,10,2
203,Endure,Almost always goes first. The user is left with at least 1 HP following any attacks for one turn but the move's success rate halves with each consecutive use of Protect Detect or Endure.,Normal,Status,0,0,10,2
204,Charm,Lowers the target's Attack by 2 stages.,Fairy,Status,0,100,20,2
205,Rollout,The user attacks uncontrollably for five turns; this move's power doubles after each turn and also if Defense Curl was used beforehand. Its power resets after five turns have ended or if the attack misses.,Rock,Physical,30,90,20,2
206,False Swipe,Leaves the target with at least 1 HP.,Normal,Physical,40,100,40,2
207,Swagger,Confuses the target and raises its Attack by 2 stages.,Normal,Status,0,0,15,2
208,Milk Drink,Restores 1/2 of the user's max HP.,Normal,Status,0,0,10,2
209,Spark,Has a 30% chance to paralyze the target.,Electric,Physical,65,100,20,2
210,Fury Cutter,The base power of this move doubles with each consecutive hit; however power is capped at a maximum 160 BP and remains there for any subsequent uses. If this move misses base power will be reset to 10 BP on the next turn. The user can also select other attacks without resetting this move's power; it will continue to double after each use until it either misses or reaches the 160 BP cap.,Bug,Physical,40,95,20,2
211,Steel Wing,Has a 10% chance to raise the user's Defense by 1 stage.,Steel,Physical,70,90,25,2
212,Mean Look,As long as the user remains in battle the target cannot switch out unless it is holding Shed Shell or uses Baton Pass or U-Turn. The target will still be trapped if the user switches out by using Baton Pass.,Normal,Status,0,0,5,2
213,Attract,Infatuates Pokemon of the opposite gender even if they have a Substitute causing a 50% chance for the target's attack to fail.,Normal,Status,0,100,15,2
214,Sleep Talk,Does nothing if the user is awake. If the user asleep it randomly performs one of its attacks. Rest will fail if it is selected. Sleep Talk's generated attacks do not cost PP but it cannot generate moves with 0 PP itself Assist Bide Chatter Copycat Disabled attacks Focus Punch Me First Metronome Mirror Move Uproar or attacks with a charge-up turn like Fly or Skull Bash. (Moves with a recharge turn like Hyper Beam can be generated.),Normal,Status,0,0,10,2
215,Heal Bell,Every Pokemon in the user's party is cured of status conditions. Allied Pokemon who have Soundproof are not affected.,Normal,Status,0,0,5,2
216,Return,Power increases as user's happiness increases; maximum 102 BP.,Normal,Physical,0,100,20,2
217,Present,Randomly either attacks with a variable power between 40 base power and 120 base power or heals the target by 80 HP.,Normal,Physical,0,90,15,2
218,Frustration,Power increases as user's happiness decreases; maximum 102 BP.,Normal,Physical,0,100,20,2
219,Safeguard,Protects the user's entire team from status conditions for five turns.,Normal,Status,0,0,25,2
220,Pain Split,Calculates the average of the user's current HP and the target's HP; the HP of both Pokemon is set to this average. Pokemon can be healed by Pain Split even under the effects of Heal Block.,Normal,Status,0,0,20,2
221,Sacred Fire,Has a 50% chance to burn the target; can be used while frozen which both attacks the target normally and thaws the user.,Fire,Physical,100,95,5,2
222,Magnitude,Deals variable damage between 10 base power and 130 base power as well as double damage against Digging Pokemon.,Ground,Physical,0,100,30,2
223,Dynamic Punch,Confuses the target.,Fighting,Physical,100,50,5,2
224,Megahorn,Deals damage with no additional effect.,Bug,Physical,120,85,10,2
225,Dragon Breath,Has a 30% chance to paralyze the target.,Dragon,Special,60,100,20,2
226,Baton Pass,The user returns to its party bypassing any trapping moves and Pursuit; it passes all stat modifiers (positive or negative including from Charge and Stockpile) as well as confusion Focus Energy/Lansat Berry boosts Ingrain Aqua Ring Embargo Gastro Acid Power Trick Magnet Rise Stockpiles Perish Song count Mist Leech Seed Ghost Curses Mind Reader Lock-On Block Mean Look Spider Web and Substitute to the replacement Pokemon.,Normal,Status,0,0,40,2
227,Encore,The target is forced to use its last attack for the next 3 turns. The effects of this move will end immediately if the target runs out of PP for the repeated attack. In double battles a Pokemon who has received an Encore will target a random opponent with single-target attacks.,Normal,Status,0,100,5,2
228,Pursuit,If the target switches out on the current turn this move strikes with doubled power before the switch. Baton Passers still escape safely. When a faster Pokemon uses Pursuit against a U-Turner the U-Turner is hit for normal damage; when a slower Pokemon uses Pursuit against a U-Turner the U-Turner makes its attack then is hit by Pursuit for double power and switches out.,Dark,Physical,40,100,20,2
229,Rapid Spin,Removes Spikes Stealth Rock Toxic Spikes and Leech Seed from the user's side of the field; also frees the user from Bind Clamp Fire Spin Magma Storm Sand Tomb Whirlpool and Wrap. These effects do not occur if the move misses or is used against Ghost-type Pokemon.,Normal,Physical,20,100,40,2
230,Sweet Scent,Lowers the target's Evasion by 1 stage.,Normal,Status,0,100,20,2
231,Iron Tail,Has a 30% chance to lower the target's Defense by 1 stage.,Steel,Physical,100,75,15,2
232,Metal Claw,Has a 10% chance to raise the user's Attack by 1 stage.,Steel,Physical,50,95,35,2
233,Vital Throw,This move usually goes last. It ignores Evasion and Accuracy modifiers and never misses except against Protect Detect or a target in the middle of Dig Fly Dive or Bounce.,Fighting,Physical,70,0,10,2
234,Morning Sun,Restores a fraction of the user's max HP depending on the weather: 2/3 during Sunny Day 1/2 during regular weather and 1/4 during Rain Dance Hail and Sandstorm.,Normal,Status,0,0,5,2
235,Synthesis,Restores a fraction of the user's max HP depending on the weather: 2/3 during Sunny Day 1/2 during regular weather and 1/4 during Rain Dance Hail and Sandstorm.,Grass,Status,0,0,5,2
236,Moonlight,Restores a fraction of the user's max HP depending on the weather: 2/3 during Sunny Day 1/2 during regular weather and 1/4 during Rain Dance Hail and Sandstorm.,Fairy,Status,0,0,5,2
237,Hidden Power,Varies in power and type depending on the user's IVs; maximum 70 BP.,Normal,Special,60,100,15,2
238,Cross Chop,Has a high critical hit ratio.,Fighting,Physical,100,80,5,2
239,Twister,Has a 20% chance to make the target flinch; power doubles while the target is in mid-air via Fly or Bounce.,Dragon,Special,40,100,20,2
240,Rain Dance,Cancels all other weather moves. For 5 turns: the power of Water attacks is increased by 50% the power of Fire attacks is decreased by 50% Thunder never misses and has a 30% chance to hit through Protect and Detect the power of Solarbeam is halved and the healing power of Morning Sun Synthesis and Moonlight is decreased from 1/2 to 1/4 of the user's max HP. The effects of Rain Dance will last for eight turns if its user is holding Damp Rock.,Water,Status,0,0,5,2
241,Sunny Day,Cancels all other weather moves. For 5 turns: freezing is prevented the power of Fire attacks is increased by 50% the power of Water attacks is decreased by 50% Solarbeam fires immediately Thunder becomes 50% accurate and the healing power of Morning Sun Synthesis and Moonlight is increased from 1/2 to 2/3 of the user's max HP. The effects of Sunny Day will last for eight turns if its user is holding Heat Rock.,Fire,Status,0,0,5,2
242,Crunch,Has a 20% chance to lower the target's Defense by 1 stage.,Dark,Physical,80,100,15,2
243,Mirror Coat,Almost always goes last; if an opponent strikes with a Special attack before the user's turn the user retaliates for twice the damage it had endured. In double battles this attack targets the last opponent to hit the user with a Special attack and cannot hit the user's teammate.,Psychic,Special,0,100,20,2
244,Psych Up,The user copies all six of the target's current stat modifiers.,Normal,Status,0,0,10,2
245,Extreme Speed,Usually goes first.,Normal,Physical,80,100,5,2
246,Ancient Power,Has a 10% chance to raise all of the user's stats by 1 stage.,Rock,Special,60,100,5,2
247,Shadow Ball,Has a 20% chance to lower the target's Special Defense by 1 stage.,Ghost,Special,80,100,15,2
248,Future Sight,This move even if the user and/or the target switch out will strike the active target at the end of the second turn after its use. Only one instance of Future Sight or Doom Desire may be active at a time.,Psychic,Special,120,0,10,2
249,Rock Smash,Has a 50% chance to lower the target's Defense by 1 stage.,Fighting,Physical,40,100,15,2
250,Whirlpool,Traps the target for 5-6 turns causing damage equal to 1/16 of its max HP each turn; this trapped effect can be broken by Rapid Spin. The target can still switch out if it is holding Shed Shell or uses Baton Pass or U-Turn. Base power also doubles when performed against a Pokemon in the middle of using Dive.,Water,Special,35,0,15,2
251,Beat Up,Each healthy (i.e. not fainted nor inflicted with a status condition) Pokemon in your party contributes a typeless 10 base power hit determined solely by their base Attack and Defense stats.,Dark,Physical,0,100,10,2
252,Fake Out,If this is the user's first move after being sent or switched into battle the target flinches; this move fails otherwise and against targets with Inner Focus.,Normal,Physical,40,100,10,3
253,Uproar,The user causes an Uproar and attacks uncontrollably for 3 turns. During the effects of the Uproar active Pokemon cannot fall asleep and sleeping Pokemon sent into battle will wake up.,Normal,Special,90,100,10,3
254,Stockpile,Can be used up to three times to power Spit Up or Swallow. Also raises the user's Defense and Special Defense by 1 stage each. Stockpiles and the defensive boosts are lost when these Swallow or Spit Up is used or the user switches out. However the boosts can be Baton Passed.,Normal,Status,0,0,20,3
255,Spit Up,Power increases with user's Stockpile count; fails with zero Stockpiles.,Normal,Special,0,100,10,3
256,Swallow,This move only works if the user has at least one Stockpile. Restores 1/4 of user's max HP with one Stockpile 1/2 of user's max HP with two Stockpiles and fully restores the user's HP with three Stockpiles.,Normal,Status,0,0,10,3
257,Heat Wave,Has a 10% chance to burn the target.,Fire,Special,95,90,10,3
258,Hail,Cancels all other weather moves. For 5 turns: Blizzard never misses and has a 30% chance to hit through Protect and Detect each active Pokemon even when protected by a Substitute loses 1/16 of its max HP unless it is an Ice-type the power of Solarbeam is halved and the healing power of Morning Sun Synthesis and Moonlight is halved. The effects of Hail will last for eight turns if its user is holding Icy Rock.,Ice,Status,0,0,10,3
259,Torment,Prevents the target from using the same move for two turns in a row until the target is switched out. The target will use Struggle every other turn if it cannot attack without using the same move.,Dark,Status,0,100,15,3
260,Flatter,Confuses the target and raises its Special Attack by 1 stage.,Dark,Status,0,100,15,3
261,Will-O-Wisp,Burns the target. This move activates Flash Fire.,Fire,Status,0,0,15,3
262,Memento,The user sacrifices itself to lower the target's Attack and Special Attack by 2 stages each.,Dark,Status,0,100,10,3
263,Facade,Power doubles if the user is inflicted with burn paralysis or poison.,Normal,Physical,70,100,20,3
264,Focus Punch,At the beginning of the round the user tightens its focus; the attack itself usually goes last and will fail if the user is attacked by any other Pokemon during the turn.,Fighting,Physical,150,100,20,3
265,Smelling Salts,If the target is paralyzed power is doubled but the target will be cured.,Normal,Physical,70,100,10,3
266,Follow Me,Almost always goes first. For the rest of the turn all attacks from the opponent's team that target the user's team are redirected toward the user. In double battles the user's teammate will not be protected from attacks that have more than one intended target.,Normal,Status,0,0,20,3
267,Nature Power,The user generates another move depending on the battle's current terrain. It generates Seed Bomb in any type of grass (as well as in puddles) Hydro Pump while surfing on top of water Rock Slide on any rocky outdoor terrain and inside of caves Earthquake on beach sand desert sand and dirt paths (as well as Wifi) Blizzard in snow and Tri Attack everywhere else. In Battle Revolution the move generates Tri Attack at Courtyard Main Street and Neon Seed Bomb at Sunny Park and Waterfall Hydro Pump at Gateway Rock Slide at Crystal Magma and Stargazer and Earthquake at Sunset.,Normal,Status,0,0,20,3
268,Charge,Doubles the power of the user's Electric attacks on the next turn and increases the user's Special Defense by 1 stage.,Electric,Status,0,0,20,3
269,Taunt,Prevents the target from using non-damaging moves for 3 turns. Assist Copycat Me First Metronome Mirror Move and Sleep Talk are prevented during this time but Bide Counter Endeavor Metal Burst and Mirror Coat are not prevented.,Dark,Status,0,100,20,3
270,Helping Hand,Always goes first. In double battles the power of the user's partner's attacks is increased by 1.5x for that turn; does nothing in single battles.,Normal,Status,0,0,20,3
271,Trick,Exchanges items with the target unless it has Sticky Hold or Multitype. Items lost to this move cannot be recovered by using Recycle.,Psychic,Status,0,100,10,3
272,Role Play,The user's own ability is overwritten with the target's ability; does nothing if the target's ability is Wonder Guard.,Psychic,Status,0,0,10,3
273,Wish,At the end of the next turn the active Pokemon from the user's team is healed by 1/2 of the user's HP; this can be any member of the user's team.,Normal,Status,0,0,10,3
274,Assist,The user performs a random move from any of the Pokemon on its team. Assist cannot generate itself Chatter Copycat Counter Covet Destiny Bond Detect Endure Feint Focus Punch Follow Me Helping Hand Me First Metronome Mimic Mirror Coat Mirror Move Protect Sketch Sleep Talk Snatch Struggle Switcheroo Thief or Trick.,Normal,Status,0,0,20,3
275,Ingrain,The user recovers 1/16 of its max HP after each turn but it cannot be switched out or forced to switch out. If a Flying-type Pokemon or a Pokemon with Levitate comes under the effect of Ingrain it will no longer have immunity from Ground-type attacks.,Grass,Status,0,0,20,3
276,Superpower,Lowers the user's Attack and Defense by 1 stage each after use.,Fighting,Physical,120,100,5,3
277,Magic Coat,Almost always goes first. Until the end of the turn the user will reflect one disabling move back at its user (including teammates); these include status effect inducers confusion inducers (including Flatter and Swagger) Attract trapping moves that do not damage Leech Seed Worry Seed Gastro Acid and negative stat modifiers (except Defog). In double battles Magic Coat will only reflect the first applicable move performed against its user before wearing off.,Psychic,Status,0,0,15,3
278,Recycle,The user's lost item is recovered. Items lost to Bug Bite Fling Natural Gift and Pluck will be recovered if the user of Recycle was the item's original holder; items lost to Trick Switcheroo Thief Covet or Knock Off cannot be recovered.,Normal,Status,0,0,10,3
279,Revenge,Almost always goes last even after another Pokemon's Focus Punch; this move's base power doubles if the user is damaged before its turn.,Fighting,Physical,60,100,10,3
280,Brick Break,Reflect and Light Screen are removed from the target's field even if the attack misses or the target is a Ghost-type.,Fighting,Physical,75,100,15,3
281,Yawn,If the target stays in battle it falls asleep at the end of the next turn.,Normal,Status,0,0,10,3
282,Knock Off,Disables the target's held item unless it has Sticky Hold or Multitype. Items lost to this move cannot be recovered by using Recycle.,Dark,Physical,65,100,20,3
283,Endeavor,Inflicts damage equal to the target's current HP Varthe user's current HP.,Normal,Physical,0,100,5,3
284,Eruption,Base power decreases as the user's HP decreases.,Fire,Special,150,100,5,3
285,Skill Swap,The user exchanges abilities with the target; does not work if Wonder Guard is the ability of either the user or the target.,Psychic,Status,0,0,10,3
286,Imprison,Until the user faints or switches out the opponent cannot select any moves that it has in common with the user. In double battles this move affects both opponents.,Psychic,Status,0,0,10,3
287,Refresh,The user recovers from burn poison and paralysis.,Normal,Status,0,0,20,3
288,Grudge,The target's next move is set to 0 PP if it directly KOs the user.,Ghost,Status,0,0,5,3
289,Snatch,Almost always goes first. Until the end of the turn the user will steal a supporting move from another Pokemon (including teammates). In double battles Snatch only steals the first applicable move performed by another Pokemon before wearing off.,Dark,Status,0,0,10,3
290,Secret Power,This move has a 30% chance to inflict a side effect depending on the battle's current terrain. The target may be put to sleep in any type of grass (or in puddles) its Attack may be lowered by 1 stage while surfing on any body of water its Speed may be lowered by 1 stage while on marshy terrain its Accuracy may be lowered by 1 stage on beach sand desert sand and dirt paths (and also in Wifi battles) it may flinch in caves or on rocky outdoor terrain it may become frozen on snowy terrain and it may become paralyzed everywhere else.,Normal,Physical,70,100,20,3
291,Dive,On the first turn the user dives underwater becoming uncontrollable and evades all attacks except for Surf and Whirlpool which have doubled power; the user may also be hit underwater if it was previously targeted by Lock-On or Mind Reader or if it is attacked by a Pokemon with No Guard. On the second turn the user attacks.,Water,Physical,80,100,10,3
292,Arm Thrust,Attacks 2-5 times in one turn; if one of these attacks breaks a target's Substitute the target will take damage for the rest of the hits. This move has a 3/8 chance to hit twice a 3/8 chance to hit three times a 1/8 chance to hit four times and a 1/8 chance to hit five times. If the user of this move has Skill Link this move will always strike five times.,Fighting,Physical,15,100,20,3
293,Camouflage,The user's type changes according to the current terrain. It becomes Grass-type in tall grass and very tall grass (as well as in puddles) Water-type while surfing on any body of water Rock-type while inside any caves or on any rocky terrain Ground-type on beach sand desert sand and dirt roads Ice-type in snow and Normal-type everywhere else. The user will always become Normal-type during Wi-Fi battles. ,Normal,Status,0,0,20,3
294,Tail Glow,Raises the user's Special Attack by 2 stages.,Bug,Status,0,0,20,3
295,Luster Purge,Has a 50% chance to lower the target's Special Defense by 1 stage.,Psychic,Special,70,100,5,3
296,Mist Ball,Has a 50% chance to lower the target's Special Attack by 1 stage.,Psychic,Special,70,100,5,3
297,Feather Dance,Lowers the target's Attack by 2 stages.,Flying,Status,0,100,15,3
298,Teeter Dance,Each active Pokemon except the user becomes confused.,Normal,Status,0,100,20,3
299,Blaze Kick,Has a high critical hit ratio and a 10% chance to burn the target.,Fire,Physical,85,90,10,3
300,Mud Sport,All Electric-type moves are 50% weaker until the user switches out.,Ground,Status,0,0,15,3
301,Ice Ball,The user attacks uncontrollably for five turns; this move's power doubles after each turn and also if Defense Curl was used beforehand. Its power resets after five turns have ended or if the attack misses.,Ice,Physical,30,90,20,3
302,Needle Arm,Has a 30% chance to make the target flinch.,Grass,Physical,60,100,15,3
303,Slack Off,Restores 1/2 of the user's max HP.,Normal,Status,0,0,10,3
304,Hyper Voice,Deals damage with no additional effect.,Normal,Special,90,100,10,3
305,Poison Fang,Has a 30% chance to inflict Toxic poison on the target.,Poison,Physical,50,100,15,3
306,Crush Claw,Has a 50% chance to lower the target's Defense by 1 stage.,Normal,Physical,75,95,10,3
307,Blast Burn,The user recharges during its next turn; as a result until the end of the next turn the user becomes uncontrollable.,Fire,Special,150,90,5,3
308,Hydro Cannon,The user recharges during its next turn; as a result until the end of the next turn the user becomes uncontrollable.,Water,Special,150,90,5,3
309,Meteor Mash,Has a 20% chance to raise the user's Attack by 1 stage.,Steel,Physical,90,0,10,3
310,Astonish,Has a 30% chance to make the target flinch.,Ghost,Physical,30,100,15,3
311,Weather Ball,Base power is 50; Base power doubles and move's type changes during weather effects: becomes Fire-type during Sunny Day Water-type during Rain Dance Ice-type during Hail and Rock-type during Sandstorm.,Normal,Special,50,100,10,3
312,Aromatherapy,Every Pokemon in the user's party is cured of status conditions. Lists every Pokemon that was healed and what status condition was cured. ,Grass,Status,0,0,5,3
313,Fake Tears,Lowers the target's Special Defense by 2 stages.,Dark,Status,0,100,20,3
314,Air Cutter,Has a high critical hit ratio.,Flying,Special,60,95,25,3
315,Overheat,Lowers the user's Special Attack by 2 stages after use.,Fire,Special,130,90,5,3
316,Odor Sleuth,Until the target faints or switches the user's Accuracy modifiers and the target's Evasion modifiers are ignored. Ghost-type targets also lose their immunities against Normal-type and Fighting-type moves.,Normal,Status,0,0,40,3
317,Rock Tomb,Lowers the target's Speed by 1 stage.,Rock,Physical,60,0,15,3
318,Silver Wind,Has a 10% chance to raise all of the user's stats by 1 stage.,Bug,Special,60,100,5,3
319,Metal Sound,Lowers the target's Special Defense by 2 stages.,Steel,Status,0,85,40,3
320,Grass Whistle,Puts the target to sleep.,Grass,Status,0,55,15,3
321,Tickle,Lowers the target's Attack and Defense by 1 stage each.,Normal,Status,0,100,20,3
322,Cosmic Power,Raises the user's Defense and Special Defense by 1 stage each.,Psychic,Status,0,0,20,3
323,Water Spout,Base power decreases as the user's HP decreases.,Water,Special,150,100,5,3
324,Signal Beam,Has a 10% chance to confuse the target.,Bug,Special,75,100,15,3
325,Shadow Punch,Ignores Evasion and Accuracy modifiers and never misses except against Protect Detect or a target in the middle of Dig Fly Dive or Bounce.,Ghost,Physical,60,0,20,3
326,Extrasensory,Has a 10% chance to make the target flinch.,Psychic,Special,80,100,20,3
327,Sky Uppercut,Also hits targets in mid-air via Fly or Bounce.,Fighting,Physical,85,90,15,3
328,Sand Tomb,Traps the target for 5-6 turns causing damage equal to 1/16 of its max HP each turn; this trapped effect can be broken by Rapid Spin. The target can still switch out if it is holding Shed Shell or uses Baton Pass or U-Turn.,Ground,Physical,35,0,15,3
329,Sheer Cold,The target faints; doesn't work on higher-leveled Pokemon.,Ice,Special,0,0,5,3
330,Muddy Water,Lowers the target's Accuracy by 1 stage.,Water,Special,90,85,10,3
331,Bullet Seed,Attacks 2-5 times in one turn; if one of these attacks breaks a target's Substitute the target will take damage for the rest of the hits. This move has a 3/8 chance to hit twice a 3/8 chance to hit three times a 1/8 chance to hit four times and a 1/8 chance to hit five times. If the user of this move has Skill Link this move will always strike five times.,Grass,Physical,25,100,30,3
332,Aerial Ace,Ignores Evasion and Accuracy modifiers and never misses except against Protect Detect or a target in the middle of Dig Fly Dive or Bounce.,Flying,Physical,60,0,20,3
333,Icicle Spear,Attacks 2-5 times in one turn; if one of these attacks breaks a target's Substitute the target will take damage for the rest of the hits. This move has a 3/8 chance to hit twice a 3/8 chance to hit three times a 1/8 chance to hit four times and a 1/8 chance to hit five times. If the user of this move has Skill Link this move will always strike five times.,Ice,Physical,25,100,30,3
334,Iron Defense,Raises the user's Defense by 2 stages.,Steel,Status,0,0,15,3
335,Block,As long as the user remains in battle the target cannot switch out unless it is holding Shed Shell or uses Baton Pass or U-Turn. The target will still be trapped if the user switches out by using Baton Pass.,Normal,Status,0,0,5,3
336,Howl,Raises the user's Attack by 1 stage.,Normal,Status,0,0,40,3
337,Dragon Claw,Deals damage with no additional effect.,Dragon,Physical,80,100,15,3
338,Frenzy Plant,The user recharges during its next turn; as a result until the end of the next turn the user becomes uncontrollable.,Grass,Special,150,90,5,3
339,Bulk Up,Raises the user's Attack and Defense by 1 stage each.,Fighting,Status,0,0,20,3
340,Bounce,On the first turn the user bounces into the air becoming uncontrollable and evades most attacks. Gust Twister Thunder and Sky Uppercut have normal accuracy against a mid-air Pokemon with Gust and Twister also gaining doubled power. The user may also be hit in mid-air if it was previously targeted by Lock-On or Mind Reader or if it is attacked by a Pokemon with No Guard. On the second turn the user descends and has a 30% chance to paralyze the target.,Flying,Physical,85,85,5,3
341,Mud Shot,Lowers the target's Speed by 1 stage.,Ground,Special,55,95,15,3
342,Poison Tail,Has a high critical hit ratio and a 10% chance to poison the target.,Poison,Physical,50,100,25,3
343,Covet,Steals the target's held item unless the user is already holding an item or the target has Sticky Hold or Multitype. Recycle cannot recover the stolen item.,Normal,Physical,60,100,25,3
344,Volt Tackle,The user receives 1/3 recoil damage; has a 10% chance to paralyze the target.,Electric,Physical,120,100,15,3
345,Magical Leaf,Ignores Evasion and Accuracy modifiers and never misses except against Protect Detect or a target in the middle of Dig Fly Dive or Bounce.,Grass,Special,60,0,20,3
346,Water Sport,All Fire-type moves are 50% weaker until the user switches out.,Water,Status,0,0,15,3
347,Calm Mind,Raises the user's Special Attack and Special Defense by 1 stage each.,Psychic,Status,0,0,20,3
348,Leaf Blade,Has a high critical hit ratio.,Grass,Physical,90,100,15,3
349,Dragon Dance,Raises the user's Attack and Speed by 1 stage each.,Dragon,Status,0,0,20,3
350,Rock Blast,Attacks 2-5 times in one turn; if one of these attacks breaks a target's Substitute the target will take damage for the rest of the hits. This move has a 3/8 chance to hit twice a 3/8 chance to hit three times a 1/8 chance to hit four times and a 1/8 chance to hit five times. If the user of this move has Skill Link this move will always strike five times.,Rock,Physical,25,0,10,3
351,Shock Wave,Ignores Evasion and Accuracy modifiers and never misses except against Protect Detect or a target in the middle of Dig Fly Dive or Bounce.,Electric,Special,60,0,20,3
352,Water Pulse,Has a 20% chance to confuse the target.,Water,Special,60,100,20,3
353,Doom Desire,This move even if the user and/or the target switch out will strike the active target at the end of the second turn after its use.  Only one instance of Doom Desire or Future Sight may be active at a time.,Steel,Special,140,0,5,3
354,Psycho Boost,Lowers the user's Special Attack by 2 stages after use.,Psychic,Special,140,90,5,3
355,Roost,,Flying,Status,0,0,10,4
356,Gravity,,Psychic,Status,0,0,5,4
357,Miracle Eye,,Psychic,Status,0,0,40,4
358,Wake-Up Slap,,Fighting,Physical,70,100,10,4
359,Hammer Arm,,Fighting,Physical,100,90,10,4
360,Gyro Ball,,Steel,Physical,0,100,5,4
361,Healing Wish,,Psychic,Status,0,0,10,4
362,Brine,,Water,Special,65,100,10,4
363,Natural Gift,,Normal,Physical,0,100,15,4
364,Feint,,Normal,Physical,30,100,10,4
365,Pluck,,Flying,Physical,60,100,20,4
366,Tailwind,,Flying,Status,0,0,15,4
367,Acupressure,,Normal,Status,0,0,30,4
368,Metal Burst,,Steel,Physical,0,100,10,4
369,U-turn,,Bug,Physical,70,100,20,4
370,Close Combat,,Fighting,Physical,120,100,5,4
371,Payback,,Dark,Physical,50,100,10,4
372,Assurance,,Dark,Physical,60,100,10,4
373,Embargo,,Dark,Status,0,100,15,4
374,Fling,,Dark,Physical,0,100,10,4
375,Psycho Shift,,Psychic,Status,0,0,10,4
376,Trump Card,,Normal,Special,0,0,5,4
377,Heal Block,,Psychic,Status,0,100,15,4
378,Wring Out,,Normal,Special,0,100,5,4
379,Power Trick,,Psychic,Status,0,0,10,4
380,Gastro Acid,,Poison,Status,0,100,10,4
381,Lucky Chant,,Normal,Status,0,0,30,4
382,Me First,,Normal,Status,0,0,20,4
383,Copycat,,Normal,Status,0,0,20,4
384,Power Swap,,Psychic,Status,0,0,10,4
385,Guard Swap,,Psychic,Status,0,0,10,4
386,Punishment,,Dark,Physical,0,100,5,4
387,Last Resort,,Normal,Physical,140,100,5,4
388,Worry Seed,,Grass,Status,0,100,10,4
389,Sucker Punch,,Dark,Physical,70,100,5,4
390,Toxic Spikes,,Poison,Status,0,0,20,4
391,Heart Swap,,Psychic,Status,0,0,10,4
392,Aqua Ring,,Water,Status,0,0,20,4
393,Magnet Rise,,Electric,Status,0,0,10,4
394,Flare Blitz,,Fire,Physical,120,100,15,4
395,Force Palm,,Fighting,Physical,60,100,10,4
396,Aura Sphere,,Fighting,Special,80,0,20,4
397,Rock Polish,,Rock,Status,0,0,20,4
398,Poison Jab,,Poison,Physical,80,100,20,4
399,Dark Pulse,,Dark,Special,80,100,15,4
400,Night Slash,,Dark,Physical,70,100,15,4
401,Aqua Tail,,Water,Physical,90,90,10,4
402,Seed Bomb,,Grass,Physical,80,100,15,4
403,Air Slash,,Flying,Special,75,95,15,4
404,X-Scissor,,Bug,Physical,80,100,15,4
405,Bug Buzz,,Bug,Special,90,100,10,4
406,Dragon Pulse,,Dragon,Special,85,100,10,4
407,Dragon Rush,,Dragon,Physical,100,75,10,4
408,Power Gem,,Rock,Special,80,100,20,4
409,Drain Punch,,Fighting,Physical,75,100,10,4
410,Vacuum Wave,,Fighting,Special,40,100,30,4
411,Focus Blast,,Fighting,Special,120,70,5,4
412,Energy Ball,,Grass,Special,90,100,10,4
413,Brave Bird,,Flying,Physical,120,100,15,4
414,Earth Power,,Ground,Special,90,100,10,4
415,Switcheroo,,Dark,Status,0,100,10,4
416,Giga Impact,,Normal,Physical,150,90,5,4
417,Nasty Plot,,Dark,Status,0,0,20,4
418,Bullet Punch,,Steel,Physical,40,100,30,4
419,Avalanche,,Ice,Physical,60,100,10,4
420,Ice Shard,,Ice,Physical,40,100,30,4
421,Shadow Claw,,Ghost,Physical,70,100,15,4
422,Thunder Fang,,Electric,Physical,65,95,15,4
423,Ice Fang,,Ice,Physical,65,95,15,4
424,Fire Fang,,Fire,Physical,65,95,15,4
425,Shadow Sneak,,Ghost,Physical,40,100,30,4
426,Mud Bomb,,Ground,Special,65,85,10,4
427,Psycho Cut,,Psychic,Physical,70,100,20,4
428,Zen Headbutt,,Psychic,Physical,80,90,15,4
429,Mirror Shot,,Steel,Special,65,85,10,4
430,Flash Cannon,,Steel,Special,80,100,10,4
431,Rock Climb,,Normal,Physical,90,85,20,4
432,Defog,,Flying,Status,0,0,15,4
433,Trick Room,,Psychic,Status,0,0,5,4
434,Draco Meteor,,Dragon,Special,130,90,5,4
435,Discharge,,Electric,Special,80,100,15,4
436,Lava Plume,,Fire,Special,80,100,15,4
437,Leaf Storm,,Grass,Special,130,90,5,4
438,Power Whip,,Grass,Physical,120,85,10,4
439,Rock Wrecker,,Rock,Physical,150,90,5,4
440,Cross Poison,,Poison,Physical,70,100,20,4
441,Gunk Shot,,Poison,Physical,120,0,5,4
442,Iron Head,,Steel,Physical,80,100,15,4
443,Magnet Bomb,,Steel,Physical,60,0,20,4
444,Stone Edge,,Rock,Physical,100,80,5,4
445,Captivate,,Normal,Status,0,100,20,4
446,Stealth Rock,,Rock,Status,0,0,20,4
447,Grass Knot,,Grass,Special,0,100,20,4
448,Chatter,,Flying,Special,65,100,20,4
449,Judgment,,Normal,Special,100,100,10,4
450,Bug Bite,,Bug,Physical,60,100,20,4
451,Charge Beam,,Electric,Special,50,90,10,4
452,Wood Hammer,,Grass,Physical,120,100,15,4
453,Aqua Jet,,Water,Physical,40,100,20,4
454,Attack Order,,Bug,Physical,90,100,15,4
455,Defend Order,,Bug,Status,0,0,10,4
456,Heal Order,,Bug,Status,0,0,10,4
457,Head Smash,,Rock,Physical,150,80,5,4
458,Double Hit,,Normal,Physical,35,90,10,4
459,Roar of Time,,Dragon,Special,150,90,5,4
460,Spacial Rend,,Dragon,Special,100,95,5,4
461,Lunar Dance,,Psychic,Status,0,0,10,4
462,Crush Grip,,Normal,Physical,0,100,5,4
463,Magma Storm,,Fire,Special,100,0,5,4
464,Dark Void,,Dark,Status,0,0,10,4
465,Seed Flare,,Grass,Special,120,85,5,4
466,Ominous Wind,,Ghost,Special,60,100,5,4
467,Shadow Force,,Ghost,Physical,120,100,5,4
468,Hone Claws,,Dark,Status,0,0,15,5
469,Wide Guard,,Rock,Status,0,0,10,5
470,Guard Split,,Psychic,Status,0,0,10,5
471,Power Split,,Psychic,Status,0,0,10,5
472,Wonder Room,,Psychic,Status,0,0,10,5
473,Psyshock,,Psychic,Special,80,100,10,5
474,Venoshock,,Poison,Special,65,100,10,5
475,Autotomize,,Steel,Status,0,0,15,5
476,Rage Powder,,Bug,Status,0,0,20,5
477,Telekinesis,,Psychic,Status,0,0,15,5
478,Magic Room,,Psychic,Status,0,0,10,5
479,Smack Down,,Rock,Physical,50,100,15,5
480,Storm Throw,,Fighting,Physical,60,100,10,5
481,Flame Burst,,Fire,Special,70,100,15,5
482,Sludge Wave,,Poison,Special,95,100,10,5
483,Quiver Dance,,Bug,Status,0,0,20,5
484,Heavy Slam,,Steel,Physical,0,100,10,5
485,Synchronoise,,Psychic,Special,120,100,10,5
486,Electro Ball,,Electric,Special,0,100,10,5
487,Soak,,Water,Status,0,100,20,5
488,Flame Charge,,Fire,Physical,50,100,20,5
489,Coil,,Poison,Status,0,0,20,5
490,Low Sweep,,Fighting,Physical,65,100,20,5
491,Acid Spray,,Poison,Special,40,100,20,5
492,Foul Play,,Dark,Physical,95,100,15,5
493,Simple Beam,,Normal,Status,0,100,15,5
494,Entrainment,,Normal,Status,0,100,15,5
495,After You,,Normal,Status,0,0,15,5
496,Round,,Normal,Special,60,100,15,5
497,Echoed Voice,,Normal,Special,40,100,15,5
498,Chip Away,,Normal,Physical,70,100,20,5
499,Clear Smog,,Poison,Special,50,0,15,5
500,Stored Power,,Psychic,Special,20,100,10,5
501,Quick Guard,,Fighting,Status,0,0,15,5
502,Ally Switch,,Psychic,Status,0,0,15,5
503,Scald,,Water,Special,80,100,15,5
504,Shell Smash,,Normal,Status,0,0,15,5
505,Heal Pulse,,Psychic,Status,0,0,10,5
506,Hex,,Ghost,Special,65,100,10,5
507,Sky Drop,,Flying,Physical,60,100,10,5
508,Shift Gear,,Steel,Status,0,0,10,5
509,Circle Throw,,Fighting,Physical,60,90,10,5
510,Incinerate,,Fire,Special,60,100,15,5
511,Quash,,Dark,Status,0,100,15,5
512,Acrobatics,,Flying,Physical,55,100,15,5
513,Reflect Type,,Normal,Status,0,0,15,5
514,Retaliate,,Normal,Physical,70,100,5,5
515,Final Gambit,,Fighting,Special,0,100,5,5
516,Bestow,,Normal,Status,0,0,15,5
517,Inferno,,Fire,Special,100,50,5,5
518,Water Pledge,,Water,Special,80,100,10,5
519,Fire Pledge,,Fire,Special,80,100,10,5
520,Grass Pledge,,Grass,Special,80,100,10,5
521,Volt Switch,,Electric,Special,70,100,20,5
522,Struggle Bug,,Bug,Special,50,100,20,5
523,Bulldoze,,Ground,Physical,60,100,20,5
524,Frost Breath,,Ice,Special,60,90,10,5
525,Dragon Tail,,Dragon,Physical,60,90,10,5
526,Work Up,,Normal,Status,0,0,30,5
527,Electroweb,,Electric,Special,55,95,15,5
528,Wild Charge,,Electric,Physical,90,100,15,5
529,Drill Run,,Ground,Physical,80,95,10,5
530,Dual Chop,,Dragon,Physical,40,90,15,5
531,Heart Stamp,,Psychic,Physical,60,100,25,5
532,Horn Leech,,Grass,Physical,75,100,10,5
533,Sacred Sword,,Fighting,Physical,90,100,15,5
534,Razor Shell,,Water,Physical,75,95,10,5
535,Heat Crash,,Fire,Physical,0,100,10,5
536,Leaf Tornado,,Grass,Special,65,90,10,5
537,Steamroller,,Bug,Physical,65,100,20,5
538,Cotton Guard,,Grass,Status,0,0,10,5
539,Night Daze,,Dark,Special,85,95,10,5
540,Psystrike,,Psychic,Special,100,100,10,5
541,Tail Slap,,Normal,Physical,25,85,10,5
542,Hurricane,,Flying,Special,110,70,10,5
543,Head Charge,,Normal,Physical,120,100,15,5
544,Gear Grind,,Steel,Physical,50,85,15,5
545,Searing Shot,,Fire,Special,100,100,5,5
546,Techno Blast,,Normal,Special,120,100,5,5
547,Relic Song,,Normal,Special,75,100,10,5
548,Secret Sword,,Fighting,Special,85,100,10,5
549,Glaciate,,Ice,Special,65,95,10,5
550,Bolt Strike,,Electric,Physical,130,85,5,5
551,Blue Flare,,Fire,Special,130,85,5,5
552,Fiery Dance,,Fire,Special,80,100,10,5
553,Freeze Shock,,Ice,Physical,140,90,5,5
554,Ice Burn,,Ice,Special,140,90,5,5
555,Snarl,,Dark,Special,55,95,15,5
556,Icicle Crash,,Ice,Physical,85,90,10,5
557,V-create,,Fire,Physical,180,95,5,5
558,Fusion Flare,,Fire,Special,100,100,5,5
559,Fusion Bolt,,Electric,Physical,100,100,5,5
560,Flying Press,,Fighting,Physical,100,95,10,6
561,Mat Block,,Fighting,Status,0,0,10,6
562,Belch,,Poison,Special,120,90,10,6
563,Rototiller,,Ground,Status,0,0,10,6
564,Sticky Web,,Bug,Status,0,0,20,6
565,Fell Stinger,,Bug,Physical,50,100,25,6
566,Phantom Force,,Ghost,Physical,90,100,10,6
567,Trick-or-Treat,,Ghost,Status,0,100,20,6
568,Noble Roar,,Normal,Status,0,100,30,6
569,Ion Deluge,,Electric,Status,0,0,25,6
570,Parabolic Charge,,Electric,Special,65,100,20,6
571,Forest's Curse,,Grass,Status,0,100,20,6
572,Petal Blizzard,,Grass,Physical,90,100,15,6
573,Freeze-Dry,,Ice,Special,70,100,20,6
574,Disarming Voice,,Fairy,Special,40,0,15,6
575,Parting Shot,,Dark,Status,0,100,20,6
576,Topsy-Turvy,,Dark,Status,0,0,20,6
577,Draining Kiss,,Fairy,Special,50,100,10,6
578,Crafty Shield,,Fairy,Status,0,0,10,6
579,Flower Shield,,Fairy,Status,0,0,10,6
580,Grassy Terrain,,Grass,Status,0,0,10,6
581,Misty Terrain,,Fairy,Status,0,0,10,6
582,Electrify,,Electric,Status,0,0,20,6
583,Play Rough,,Fairy,Physical,90,90,10,6
584,Fairy Wind,,Fairy,Special,40,100,30,6
585,Moonblast,,Fairy,Special,95,100,15,6
586,Boomburst,,Normal,Special,140,100,10,6
587,Fairy Lock,,Fairy,Status,0,0,10,6
588,King's Shield,,Steel,Status,0,0,10,6
589,Play Nice,,Normal,Status,0,0,20,6
590,Confide,,Normal,Status,0,0,20,6
591,Diamond Storm,,Rock,Physical,100,95,5,6
592,Steam Eruption,,Water,Special,110,95,5,6
593,Hyperspace Hole,,Psychic,Special,80,0,5,6
594,Water Shuriken,,Water,Special,15,100,20,6
595,Mystical Fire,,Fire,Special,75,100,10,6
596,Spiky Shield,,Grass,Status,0,0,10,6
597,Aromatic Mist,,Fairy,Status,0,0,20,6
598,Eerie Impulse,,Electric,Status,0,100,15,6
599,Venom Drench,,Poison,Status,0,100,20,6
600,Powder,,Bug,Status,0,100,20,6
601,Geomancy,,Fairy,Status,0,0,10,6
602,Magnetic Flux,,Electric,Status,0,0,20,6
603,Happy Hour,,Normal,Status,0,0,30,6
604,Electric Terrain,,Electric,Status,0,0,10,6
605,Dazzling Gleam,,Fairy,Special,80,100,10,6
606,Celebrate,,Normal,Status,0,0,40,6
607,Hold Hands,,Normal,Status,0,0,40,6
608,Baby-Doll Eyes,,Fairy,Status,0,100,30,6
609,Nuzzle,,Electric,Physical,20,100,20,6
610,Hold Back,,Normal,Physical,40,100,40,6
611,Infestation,,Bug,Special,20,100,20,6
612,Power-Up Punch,,Fighting,Physical,40,100,20,6
613,Oblivion Wing,,Flying,Special,80,100,10,6
614,Thousand Arrows,,Ground,Physical,90,100,10,6
615,Thousand Waves,,Ground,Physical,90,100,10,6
616,Land's Wrath,,Ground,Physical,90,100,10,6
617,Light of Ruin,,Fairy,Special,140,90,5,6
618,Origin Pulse,,Water,Special,110,85,10,6
619,Precipice Blades,,Ground,Physical,120,85,10,6
620,Dragon Ascent,,Flying,Physical,120,100,5,6
621,Hyperspace Fury,,Dark,Physical,100,0,5,6
622,Breakneck Blitz,,Normal,Physical,0,0,1,7
623,Breakneck Blitz,,Normal,Special,0,0,1,7
624,All-Out Pummeling,,Fighting,Physical,0,0,1,7
625,All-Out Pummeling,,Fighting,Special,0,0,1,7
626,Supersonic Skystrike,,Flying,Physical,0,0,1,7
627,Supersonic Skystrike,,Flying,Special,0,0,1,7
628,Acid Downpour,,Poison,Physical,0,0,1,7
629,Acid Downpour,,Poison,Special,0,0,1,7
630,Tectonic Rage,,Ground,Physical,0,0,1,7
631,Tectonic Rage,,Ground,Special,0,0,1,7
632,Continental Crush,,Rock,Physical,0,0,1,7
633,Continental Crush,,Rock,Special,0,0,1,7
634,Savage Spin-Out,,Bug,Physical,0,0,1,7
635,Savage Spin-Out,,Bug,Special,0,0,1,7
636,Never-Ending Nightmare,,Ghost,Physical,0,0,1,7
637,Never-Ending Nightmare,,Ghost,Special,0,0,1,7
638,Corkscrew Crash,,Steel,Physical,0,0,1,7
639,Corkscrew Crash,,Steel,Special,0,0,1,7
640,Inferno Overdrive,,Fire,Physical,0,0,1,7
641,Inferno Overdrive,,Fire,Special,0,0,1,7
642,Hydro Vortex,,Water,Physical,0,0,1,7
643,Hydro Vortex,,Water,Special,0,0,1,7
644,Bloom Doom,,Grass,Physical,0,0,1,7
645,Bloom Doom,,Grass,Special,0,0,1,7
646,Gigavolt Havoc,,Electric,Physical,0,0,1,7
647,Gigavolt Havoc,,Electric,Special,0,0,1,7
648,Shattered Psyche,,Psychic,Physical,0,0,1,7
649,Shattered Psyche,,Psychic,Special,0,0,1,7
650,Subzero Slammer,,Ice,Physical,0,0,1,7
651,Subzero Slammer,,Ice,Special,0,0,1,7
652,Devastating Drake,,Dragon,Physical,0,0,1,7
653,Devastating Drake,,Dragon,Special,0,0,1,7
654,Black Hole Eclipse,,Dark,Physical,0,0,1,7
655,Black Hole Eclipse,,Dark,Special,0,0,1,7
656,Twinkle Tackle,,Fairy,Physical,0,0,1,7
657,Twinkle Tackle,,Fairy,Special,0,0,1,7
658,Catastropika,,Electric,Physical,210,0,1,7
659,Shore Up,,Ground,Status,0,0,10,7
660,First Impression,,Bug,Physical,90,100,10,7
661,Baneful Bunker,,Poison,Status,0,0,10,7
662,Spirit Shackle,,Ghost,Physical,80,100,10,7
663,Darkest Lariat,,Dark,Physical,85,100,10,7
664,Sparkling Aria,,Water,Special,90,100,10,7
665,Ice Hammer,,Ice,Physical,100,90,10,7
666,Floral Healing,,Fairy,Status,0,0,10,7
667,High Horsepower,,Ground,Physical,95,95,10,7
668,Strength Sap,,Grass,Status,0,100,10,7
669,Solar Blade,,Grass,Physical,125,100,10,7
670,Leafage,,Grass,Physical,40,100,40,7
671,Spotlight,,Normal,Status,0,0,15,7
672,Toxic Thread,,Poison,Status,0,100,20,7
673,Laser Focus,,Normal,Status,0,0,30,7
674,Gear Up,,Steel,Status,0,0,20,7
675,Throat Chop,,Dark,Physical,80,100,15,7
676,Pollen Puff,,Bug,Special,90,100,15,7
677,Anchor Shot,,Steel,Physical,80,100,20,7
678,Psychic Terrain,,Psychic,Status,0,0,10,7
679,Lunge,,Bug,Physical,80,100,15,7
680,Fire Lash,,Fire,Physical,80,100,15,7
681,Power Trip,,Dark,Physical,20,100,10,7
682,Burn Up,,Fire,Special,130,100,5,7
683,Speed Swap,,Psychic,Status,0,0,10,7
684,Smart Strike,,Steel,Physical,70,0,10,7
685,Purify,,Poison,Status,0,0,20,7
686,Revelation Dance,,Normal,Special,90,100,15,7
687,Core Enforcer,,Dragon,Special,100,100,10,7
688,Trop Kick,,Grass,Physical,70,100,15,7
689,Instruct,,Psychic,Status,0,0,15,7
690,Beak Blast,,Flying,Physical,100,100,15,7
691,Clanging Scales,,Dragon,Special,110,100,5,7
692,Dragon Hammer,,Dragon,Physical,90,100,15,7
693,Brutal Swing,,Dark,Physical,60,100,20,7
694,Aurora Veil,,Ice,Status,0,0,20,7
695,Sinister Arrow Raid,,Ghost,Physical,180,0,1,7
696,Malicious Moonsault,,Dark,Physical,180,0,1,7
697,Oceanic Operetta,,Water,Special,195,0,1,7
698,Guardian of Alola,,Fairy,Special,0,0,1,7
699,Soul-Stealing 7-Star Strike,,Ghost,Physical,195,0,1,7
700,Stoked Sparksurfer,,Electric,Special,175,0,1,7
701,Pulverizing Pancake,,Normal,Physical,210,0,1,7
702,Extreme Evoboost,,Normal,Status,0,0,1,7
703,Genesis Supernova,,Psychic,Special,185,0,1,7
704,Shell Trap,,Fire,Special,150,100,5,7
705,Fleur Cannon,,Fairy,Special,130,90,5,7
706,Psychic Fangs,,Psychic,Physical,85,100,10,7
707,Stomping Tantrum,,Ground,Physical,75,100,10,7
708,Shadow Bone,,Ghost,Physical,85,100,10,7
709,Accelerock,,Rock,Physical,40,100,20,7
710,Liquidation,,Water,Physical,85,100,10,7
711,Prismatic Laser,,Psychic,Special,160,100,10,7
712,Spectral Thief,,Ghost,Physical,90,100,10,7
713,Sunsteel Strike,,Steel,Physical,100,100,5,7
714,Moongeist Beam,,Ghost,Special,100,100,5,7
715,Tearful Look,,Normal,Status,0,0,20,7
716,Zing Zap,,Electric,Physical,80,100,10,7
717,Nature's Madness,,Fairy,Special,0,90,10,7
718,Multi-Attack,,Normal,Physical,90,100,10,7
719,"10,000,000 Volt Thunderbolt",,Electric,Special,195,0,1,7
720,Mind Blown,,Fire,Special,150,100,5,7
721,Plasma Fists,,Electric,Physical,100,100,15,7
722,Photon Geyser,,Psychic,Special,100,100,5,7
723,Light That Burns the Sky,,Psychic,Special,200,0,1,7
724,Searing Sunraze Smash,,Steel,Special,200,0,1,7
725,Menacing Moonraze Maelstrom,,Ghost,Special,200,0,1,7
726,Let's Snuggle Forever,,Fairy,Physical,190,0,1,7
727,Splintered Stormshards,,Rock,Physical,190,0,1,7
728,Clangorous Soulblaze,,Dragon,Special,185,0,1,7
