#,Name,Type 1,Type 2,Total,HP,Attack,Defense,Sp. Attack,Sp. Defense,Speed,Generation
1,Bulbasaur,Grass,Poison,318,45,49,49,65,65,45,1
2,Ivysaur,Grass,Poison,405,60,62,63,80,80,60,1
3,Venusaur,Grass,Poison,525,80,82,83,100,100,80,1
3,Venusaur-Mega,Grass,Poison,625,80,100,123,122,120,80,1
4,Charmander,Fire,nan,309,39,52,43,60,50,65,1
5,Charmeleon,Fire,nan,405,58,64,58,80,65,80,1
6,Charizard,Fire,Flying,534,78,84,78,109,85,100,1
6,Charizard-Mega_X,Fire,Dragon,634,78,130,111,130,85,100,1
6,Charizard-Mega_Y,Fire,Flying,634,78,104,78,159,115,100,1
7,Squirtle,Water,nan,314,44,48,65,50,64,43,1
8,Wartortle,Water,nan,405,59,63,80,65,80,58,1
9,Blastoise,Water,nan,530,79,83,100,85,105,78,1
9,Blastoise-Mega,Water,nan,630,79,103,120,135,115,78,1
10,Caterpie,Bug,nan,195,45,30,35,20,20,45,1
11,Metapod,Bug,nan,205,50,20,55,25,25,30,1
12,Butterfree,Bug,Flying,395,60,45,50,90,80,70,1
13,Weedle,Bug,Poison,195,40,35,30,20,20,50,1
14,Kakuna,Bug,Poison,205,45,25,50,25,25,35,1
15,Beedrill,Bug,Poison,395,65,90,40,45,80,75,1
15,Beedrill-Mega,Bug,Poison,495,65,150,40,15,80,145,1
16,Pidgey,Normal,Flying,251,40,45,40,35,35,56,1
17,Pidgeotto,Normal,Flying,349,63,60,55,50,50,71,1
18,Pidgeot,Normal,Flying,479,83,80,75,70,70,101,1
18,Pidgeot-Mega,Normal,Flying,579,83,80,80,135,80,121,1
19,Rattata,Normal,nan,253,30,56,35,25,35,72,1
19,Rattata-A,Normal,nan,253,30,56,35,25,35,72,1
20,Raticate,Normal,Flying,413,55,81,60,50,70,97,1
20,Raticate-A,Normal,Flying,413,75,71,70,40,80,77,1
21,Spearow,Poison,nan,262,40,60,30,31,31,70,1
22,Fearow,Poison,nan,442,65,90,65,61,61,100,1
23,Ekans,Electric,nan,288,35,60,44,40,54,55,1
24,Arbok,Electric,nan,448,60,95,69,65,79,80,1
25,Pikachu,Ground,nan,320,35,55,40,50,50,90,1
25,Pikachu-Partner,Ground,nan,430,45,80,50,75,60,120,1
26,Raichu,Poison,nan,485,60,90,55,90,80,110,1
26,Raichu-A,Poison,nan,485,60,85,50,95,85,110,1
27,Sandshrew,Poison,Ground,300,50,75,85,20,30,40,1
27,Sandshrew-A,Poison,nan,300,50,75,90,10,35,40,1
28,Sandslash,Poison,nan,450,75,100,110,45,55,65,1
28,Sandslash-A,Poison,Ground,450,75,100,120,25,65,65,1
29,Nidoran-F,Fairy,nan,275,55,47,52,40,40,41,1
30,Nidorina,Fairy,nan,365,70,62,67,55,55,56,1
31,Nidoqueen,Fire,nan,505,90,92,87,75,85,76,1
32,Nidoran-M,Fire,nan,273,46,57,40,40,40,50,1
33,Nidorino,Normal,Fairy,365,61,72,57,55,55,65,1
34,Nidoking,Normal,Fairy,505,81,102,77,85,75,85,1
35,Clefairy,Poison,Flying,323,70,45,48,60,65,35,1
36,Clefable,Poison,Flying,483,95,70,73,95,90,60,1
37,Vulpix,Grass,Poison,299,38,41,40,50,65,65,1
37,Vulpix-A,Grass,Poison,299,38,41,40,50,65,65,1
38,Ninetales,Grass,Poison,505,73,76,75,81,100,100,1
38,Ninetales-A,Bug,Grass,505,73,67,75,81,100,109,1
39,Jigglypuff,Bug,Grass,270,115,45,20,45,25,20,1
40,Wigglytuff,Bug,Poison,435,140,70,45,85,50,45,1
41,Zubat,Bug,Poison,245,40,45,35,30,40,55,1
42,Golbat,Ground,nan,455,75,80,70,65,75,90,1
43,Oddish,Ground,nan,320,45,50,55,75,65,30,1
44,Gloom,Normal,nan,395,60,65,70,85,75,40,1
45,Vileplume,Normal,nan,490,75,80,85,110,90,50,1
46,Paras,Water,nan,285,35,70,55,45,55,25,1
47,Parasect,Water,nan,405,60,95,80,60,80,30,1
48,Venonat,Fighting,nan,305,60,55,50,40,55,45,1
49,Venomoth,Fighting,nan,450,70,65,60,90,75,90,1
50,Diglett,Fire,nan,265,10,55,25,35,45,95,1
50,Diglett-A,Fire,nan,265,10,55,30,35,45,90,1
51,Dugtrio,Water,nan,425,35,100,50,50,70,120,1
51,Dugtrio-A,Water,nan,425,35,100,60,50,70,110,1
52,Meowth,Water,Fighting,290,40,45,35,40,40,90,1
52,Meowth-A,Psychic,nan,290,40,35,35,50,40,90,1
52,Meowth-G,Psychic,nan,290,50,65,55,40,40,40,1
53,Persian,Psychic,nan,440,65,70,60,65,65,115,1
53,Persian-A,Psychic,nan,440,65,60,60,75,65,115,1
54,Psyduck,Fighting,nan,320,50,52,48,65,50,55,1
55,Golduck,Fighting,nan,500,80,82,78,95,80,85,1
56,Mankey,Fighting,nan,305,40,80,35,35,45,70,1
57,Primeape,Grass,Poison,455,65,105,60,60,70,95,1
58,Growlithe,Grass,Poison,350,55,70,45,70,50,60,1
59,Arcanine,Grass,Poison,555,90,110,80,100,80,95,1
60,Poliwag,Water,Poison,300,40,50,40,40,40,90,1
61,Poliwhirl,Water,Poison,385,65,65,65,50,50,90,1
62,Poliwrath,Rock,Ground,510,90,95,95,70,90,70,1
63,Abra,Rock,Ground,310,25,20,15,105,55,90,1
64,Kadabra,Rock,Ground,400,40,35,30,120,70,105,1
65,Alakazam,Fire,nan,500,55,50,45,135,95,120,1
65,Alakazam-Mega,Fire,nan,600,55,50,65,175,105,150,1
66,Machop,Water,Psychic,305,70,80,50,35,35,35,1
67,Machoke,Water,Psychic,405,80,100,70,50,60,45,1
68,Machamp,Water,Psychic,505,90,130,80,65,85,55,1
69,Bellsprout,Electric,Steel,300,50,75,35,70,30,40,1
70,Weepinbell,Electric,Steel,390,65,90,50,85,45,55,1
71,Victreebel,Normal,Flying,490,80,105,65,100,70,70,1
72,Tentacool,Normal,Flying,335,40,40,35,50,100,70,1
73,Tentacruel,Normal,Flying,515,80,70,65,80,120,100,1
74,Geodude,Water,nan,300,40,80,100,30,30,20,1
74,Geodude-A,Water,Ice,300,40,80,100,30,30,20,1
75,Graveler,Poison,nan,390,55,95,115,45,45,35,1
75,Graveler-A,Poison,nan,390,55,95,115,45,45,35,1
76,Golem,Water,nan,495,80,120,130,55,65,45,1
76,Golem-A,Water,Ice,495,80,120,130,55,65,45,1
77,Ponyta,Ghost,Poison,410,50,85,55,65,65,90,1
77,Ponyta-G,Ghost,Poison,410,50,85,55,65,65,90,1
78,Rapidash,Ghost,Poison,500,65,100,70,80,80,105,1
78,Rapidash-G,Ghost,Poison,500,65,100,70,80,80,105,1
79,Slowpoke,Rock,Ground,315,90,65,65,40,40,15,1
80,Slowbro,Psychic,nan,490,95,75,110,100,80,30,1
80,Slowbro-Mega,Psychic,nan,590,95,75,180,130,80,30,1
81,Magnemite,Water,nan,325,25,35,70,95,55,45,1
82,Magneton,Water,nan,465,50,60,95,120,70,70,1
83,Farfetch'd,Electric,nan,377,52,90,55,58,62,60,1
83,Farfetch'd-G,Electric,nan,377,52,95,55,58,62,55,1
84,Doduo,Grass,Psychic,310,35,85,45,35,35,75,1
85,Dodrio,Grass,Psychic,470,60,110,70,60,60,110,1
86,Seel,Ground,nan,325,65,45,55,45,70,45,1
87,Dewgong,Ground,nan,475,90,70,80,70,95,70,1
88,Grimer,Fighting,nan,325,80,80,50,40,50,25,1
88,Grimer-A,Fighting,nan,325,80,80,50,40,50,25,1
89,Muk,Normal,nan,500,105,105,75,65,100,50,1
89,Muk-A,Poison,nan,500,105,105,75,65,100,50,1
90,Shellder,Poison,nan,305,30,65,100,45,25,40,1
91,Cloyster,Ground,Rock,525,50,95,180,85,45,70,1
92,Gastly,Ground,Rock,310,30,35,30,100,35,80,1
93,Haunter,Normal,nan,405,45,50,45,115,55,95,1
94,Gengar,Grass,nan,500,60,65,60,130,75,110,1
94,Gengar-Mega,Normal,nan,600,60,65,80,170,95,130,1
95,Onix,Normal,nan,385,35,45,160,30,45,70,1
96,Drowzee,Water,nan,328,60,48,45,43,90,42,1
97,Hypno,Water,nan,483,85,73,70,73,115,67,1
98,Krabby,Water,nan,325,30,105,90,25,25,50,1
99,Kingler,Water,nan,475,55,130,115,50,50,75,1
100,Voltorb,Water,nan,330,40,30,50,55,55,100,1
101,Electrode,Water,Psychic,490,60,50,70,80,80,150,1
102,Exeggcute,Psychic,Fairy,325,60,40,80,60,45,40,1
103,Exeggutor,Bug,Flying,530,95,95,85,125,75,55,1
103,Exeggutor-A,Ice,Psychic,530,95,105,85,125,75,45,1
104,Cubone,Electric,nan,320,50,50,95,40,50,35,1
105,Marowak,Fire,nan,425,60,80,110,50,80,45,1
105,Marowak-A,Bug,nan,425,60,80,110,50,80,45,1
106,Hitmonlee,Bug,Flying,455,50,120,53,35,110,87,1
107,Hitmonchan,Normal,nan,455,50,105,79,35,110,76,1
108,Lickitung,Water,nan,385,90,55,75,60,75,30,1
109,Koffing,Water,Flying,340,40,65,95,60,45,35,1
110,Weezing,Water,Dark,490,65,90,120,85,70,60,1
110,Weezing-G,Water,Ice,490,65,90,120,85,70,60,1
111,Rhyhorn,Normal,nan,345,80,85,95,30,30,25,1
112,Rhydon,Normal,nan,485,105,130,120,45,45,40,1
113,Chansey,Water,nan,450,250,5,5,35,105,50,1
114,Tangela,Electric,nan,435,65,55,115,100,40,60,1
115,Kangaskhan,Fire,nan,490,105,95,80,40,80,90,1
115,Kangaskhan-Mega,Normal,nan,590,105,125,100,60,100,100,1
116,Horsea,Rock,Water,295,30,40,70,70,25,60,1
117,Seadra,Rock,Water,440,55,65,95,95,45,85,1
118,Goldeen,Rock,Water,320,45,67,60,35,50,63,1
119,Seaking,Rock,Water,450,80,92,65,65,80,68,1
120,Staryu,Rock,Flying,340,30,45,55,70,55,85,1
121,Starmie,Rock,Flying,520,60,75,85,100,85,115,1
122,Mr. Mime,Normal,nan,460,40,45,65,100,120,90,1
122,Mr. Mime-G,Ice,Flying,460,50,65,65,90,90,100,1
123,Scyther,Electric,Flying,500,70,110,80,55,80,105,1
124,Jynx,Fire,Flying,455,65,50,35,115,95,95,1
125,Electabuzz,Dragon,nan,490,65,83,57,95,85,105,1
126,Magmar,Dragon,nan,495,65,95,57,100,85,93,1
127,Pinsir,Dragon,Flying,500,65,125,100,55,70,85,1
127,Pinsir-Mega,Psychic,nan,600,65,155,120,65,90,105,1
128,Tauros,Psychic,Fighting,490,75,100,95,40,70,110,1
129,Magikarp,Psychic,nan,200,20,10,55,15,20,80,1
130,Gyarados,Psychic,nan,540,95,125,79,60,100,81,1
130,Gyarados-Mega,Grass,nan,640,95,155,109,70,130,81,2
131,Lapras,Grass,nan,535,130,85,80,85,95,60,2
132,Ditto,Grass,nan,288,48,48,48,48,48,48,2
133,Eevee,Fire,nan,325,55,55,50,45,65,55,2
133,Eevee-Partner,Fire,nan,435,65,75,70,65,85,75,2
134,Vaporeon,Fire,nan,525,130,65,60,110,95,65,2
135,Jolteon,Water,nan,525,65,65,60,110,95,130,2
136,Flareon,Water,nan,525,65,130,60,95,110,65,2
137,Porygon,Water,nan,395,65,60,70,85,75,40,2
138,Omanyte,Normal,nan,355,35,40,100,90,55,35,2
139,Omastar,Normal,nan,495,70,60,125,115,70,55,2
140,Kabuto,Normal,Flying,355,30,80,90,55,45,55,2
141,Kabutops,Normal,Flying,495,60,115,105,65,70,80,2
142,Aerodactyl,Bug,Flying,515,80,105,65,60,75,130,2
142,Aerodactyl-Mega,Bug,Flying,615,80,135,85,70,95,150,2
143,Snorlax,Bug,Poison,540,160,110,65,65,110,30,2
144,Articuno,Bug,Poison,580,90,85,100,95,125,85,2
145,Zapdos,Poison,Flying,580,90,90,85,125,90,100,2
146,Moltres,Water,Electric,580,90,100,90,125,85,90,2
147,Dratini,Water,Electric,300,41,64,45,50,50,50,2
148,Dragonair,Electric,nan,420,61,84,65,70,70,70,2
149,Dragonite,Fairy,nan,600,91,134,95,100,100,80,2
150,Mewtwo,Normal,Fairy,680,106,110,90,154,90,130,2
150,Mewtwo-Mega_X,Fairy,nan,780,106,190,100,154,100,130,2
150,Mewtwo-Mega_Y,Fairy,Flying,780,106,150,70,194,120,140,2
151,Mew,Psychic,Flying,600,100,100,100,100,100,100,2
152,Chikorita,Psychic,Flying,318,45,49,65,49,65,45,2
153,Bayleef,Electric,nan,405,60,62,80,63,80,60,2
154,Meganium,Electric,nan,525,80,82,100,83,100,80,2
155,Cyndaquil,Electric,nan,309,39,52,43,60,50,65,2
156,Quilava,Electric,Dragon,405,58,64,58,80,65,80,2
157,Typhlosion,Grass,nan,534,78,84,78,109,85,100,2
158,Totodile,Water,Fairy,314,50,65,64,44,48,43,2
159,Croconaw,Water,Fairy,405,65,80,80,59,63,58,2
160,Feraligatr,Rock,nan,530,85,105,100,79,83,78,2
161,Sentret,Water,nan,215,35,46,34,35,45,20,2
162,Furret,Grass,Flying,415,85,76,64,45,55,90,2
163,Hoothoot,Grass,Flying,262,60,30,30,36,56,50,2
164,Noctowl,Grass,Flying,452,100,50,50,86,96,70,2
165,Ledyba,Normal,nan,265,40,20,30,40,80,55,2
166,Ledian,Grass,nan,390,55,35,50,55,110,85,2
167,Spinarak,Grass,nan,250,40,60,40,40,40,30,2
168,Ariados,Bug,Flying,400,70,90,70,60,70,40,2
169,Crobat,Water,Ground,535,85,90,80,70,80,130,2
170,Chinchou,Water,Ground,330,75,38,38,56,56,67,2
171,Lanturn,Psychic,nan,460,125,58,58,76,76,67,2
172,Pichu,Dark,nan,205,20,40,15,35,35,60,2
173,Cleffa,Dark,Flying,218,50,25,28,45,55,15,2
174,Igglybuff,Water,Psychic,210,90,30,15,40,20,15,2
175,Togepi,Ghost,nan,245,35,20,65,40,65,20,2
176,Togetic,Psychic,nan,405,55,40,85,80,105,40,2
177,Natu,Psychic,nan,320,40,50,45,70,45,70,2
178,Xatu,Normal,Psychic,470,65,75,70,95,70,95,2
179,Mareep,Bug,nan,280,55,40,40,65,45,35,2
180,Flaaffy,Bug,Steel,365,70,55,55,80,60,45,2
181,Ampharos,Normal,nan,510,90,75,85,115,90,55,2
181,Ampharos-Mega,Ground,Flying,610,90,95,105,165,110,45,2
182,Bellossom,Steel,Ground,490,75,80,95,90,100,50,2
183,Marill,Steel,Ground,250,70,20,50,20,50,40,2
184,Azumarill,Fairy,nan,420,100,50,80,60,80,50,2
185,Sudowoodo,Fairy,nan,410,70,100,115,30,65,30,2
186,Politoed,Water,Poison,500,90,75,75,90,100,70,2
187,Hoppip,Bug,Steel,250,35,35,40,35,55,50,2
188,Skiploom,Bug,Steel,340,55,45,50,45,65,80,2
189,Jumpluff,Bug,Rock,460,75,55,70,55,95,110,2
190,Aipom,Bug,Fighting,360,55,70,55,40,55,85,2
191,Sunkern,Bug,Fighting,180,30,30,30,30,30,30,2
192,Sunflora,Dark,Ice,425,75,75,55,105,85,30,2
193,Yanma,Normal,nan,390,65,65,45,75,45,95,2
194,Wooper,Normal,nan,210,55,45,45,25,25,15,2
195,Quagsire,Fire,nan,430,95,85,85,65,65,35,2
196,Espeon,Fire,Rock,525,65,65,60,130,95,110,2
197,Umbreon,Ice,Ground,525,95,65,110,60,130,65,2
198,Murkrow,Ice,Ground,405,60,85,42,85,42,91,2
199,Slowking,Water,Rock,490,95,75,80,100,110,30,2
200,Misdreavus,Water,nan,435,60,60,60,85,85,85,2
201,Unown,Water,nan,336,48,72,48,72,48,48,2
202,Wobbuffet,Ice,Flying,405,190,33,58,33,58,33,2
203,Girafarig,Water,Flying,455,70,80,65,90,65,85,2
204,Pineco,Steel,Flying,290,50,65,90,35,35,15,2
205,Forretress,Dark,Fire,465,75,90,140,60,60,40,2
206,Dunsparce,Dark,Fire,415,100,70,70,65,65,45,2
207,Gligar,Dark,Fire,430,65,75,105,35,65,85,2
208,Steelix,Water,Dragon,510,75,85,200,55,65,30,2
208,Steelix-Mega,Ground,nan,610,75,125,230,55,95,30,2
209,Snubbull,Ground,nan,300,60,80,50,40,40,30,2
210,Granbull,Normal,nan,450,90,120,75,60,60,45,2
211,Qwilfish,Normal,nan,440,65,95,85,55,55,85,2
212,Scizor,Normal,nan,500,70,130,100,55,80,65,2
212,Scizor-Mega,Fighting,nan,600,70,150,140,65,100,75,2
213,Shuckle,Fighting,nan,505,20,10,230,10,230,5,2
214,Heracross,Ice,Psychic,500,80,125,75,40,95,85,2
214,Heracross-Mega,Electric,nan,600,80,185,115,40,105,75,2
215,Sneasel,Fire,nan,430,55,95,55,35,75,115,2
216,Teddiursa,Normal,nan,330,60,80,50,50,50,40,2
217,Ursaring,Normal,nan,500,90,130,75,75,75,55,2
218,Slugma,Electric,nan,250,40,40,40,70,40,20,2
219,Magcargo,Fire,nan,430,60,50,120,90,80,30,2
220,Swinub,Water,nan,250,50,50,40,30,30,50,2
221,Piloswine,Rock,Ground,450,100,100,80,60,60,50,2
222,Corsola,Rock,Ground,410,65,55,95,65,95,35,2
222,Corsola-G,Rock,Dark,410,60,55,100,65,100,30,2
223,Remoraid,Rock,Dark,300,35,65,35,65,35,65,2
224,Octillery,Psychic,Flying,480,75,105,75,105,75,45,2
225,Delibird,Fire,Flying,330,45,55,45,65,45,75,2
226,Mantine,Psychic,Grass,485,85,40,70,80,140,70,2
227,Skarmory,Grass,nan,465,65,80,140,40,70,70,3
228,Houndour,Grass,nan,330,45,60,30,80,50,65,3
229,Houndoom,Grass,nan,500,75,90,50,110,80,95,3
229,Houndoom-Mega,Grass,Dragon,600,75,90,90,140,90,115,3
230,Kingdra,Fire,nan,540,75,95,95,95,95,85,3
231,Phanpy,Fire,Fighting,330,90,60,60,40,40,40,3
232,Donphan,Fire,Fighting,500,90,120,120,60,60,50,3
233,Porygon2,Fire,Fighting,515,85,80,90,105,95,60,3
234,Stantler,Water,nan,465,73,95,62,85,65,85,3
235,Smeargle,Water,Ground,250,55,20,35,20,45,75,3
236,Tyrogue,Water,Ground,210,35,35,35,35,35,35,3
237,Hitmontop,Water,Ground,455,50,95,95,35,110,70,3
238,Smoochum,Dark,nan,305,45,30,15,85,65,65,3
239,Elekid,Dark,nan,360,45,63,37,65,55,95,3
240,Magby,Normal,nan,365,45,75,37,70,55,83,3
241,Miltank,Normal,nan,490,95,80,105,40,70,100,3
242,Blissey,Bug,nan,540,255,10,10,75,135,55,3
243,Raikou,Bug,nan,580,90,85,75,115,100,115,3
244,Entei,Bug,Flying,580,115,115,85,90,75,100,3
245,Suicune,Bug,nan,580,100,75,115,90,115,85,3
246,Larvitar,Bug,Poison,300,50,64,50,45,50,41,3
247,Pupitar,Water,Grass,410,70,84,70,65,70,51,3
248,Tyranitar,Water,Grass,600,100,134,110,95,100,61,3
248,Tyranitar-Mega,Water,Grass,700,100,164,150,95,120,71,3
249,Lugia,Grass,nan,680,106,90,130,90,154,110,3
250,Ho-Oh,Grass,Dark,680,106,130,90,110,154,90,3
251,Celebi,Grass,Dark,600,100,100,100,100,100,100,3
252,Treecko,Normal,Flying,310,40,45,35,65,55,70,3
253,Grovyle,Normal,Flying,405,50,65,45,85,65,95,3
254,Sceptile,Water,Flying,530,70,85,65,105,85,120,3
254,Sceptile-Mega,Water,Flying,630,70,110,75,145,85,145,3
255,Torchic,Psychic,Fairy,310,45,60,40,70,50,45,3
256,Combusken,Psychic,Fairy,405,60,85,60,85,60,55,3
257,Blaziken,Psychic,Fairy,530,80,120,70,110,70,80,3
257,Blaziken-Mega,Psychic,Fairy,630,80,160,80,130,80,100,3
258,Mudkip,Bug,Water,310,50,70,50,50,50,40,3
259,Marshtomp,Bug,Flying,405,70,85,70,60,70,50,3
260,Swampert,Grass,nan,535,100,110,90,85,90,60,3
260,Swampert-Mega,Grass,Fighting,635,100,150,110,95,110,70,3
261,Poochyena,Normal,nan,220,35,55,35,30,30,35,3
262,Mightyena,Normal,nan,420,70,90,70,60,60,70,3
263,Zigzagoon,Normal,nan,240,38,30,41,30,41,60,3
263,Zigzagoon-G,Bug,Ground,240,38,30,41,30,41,60,3
264,Linoone,Bug,Flying,420,78,70,61,50,61,100,3
264,Linoone-G,Bug,Ghost,420,78,70,61,50,61,100,3
265,Wurmple,Normal,nan,195,45,45,35,20,30,20,3
266,Silcoon,Normal,nan,205,50,35,55,25,25,15,3
267,Beautifly,Normal,nan,395,60,70,50,100,50,65,3
268,Cascoon,Fighting,nan,205,50,35,55,25,25,15,3
269,Dustox,Fighting,nan,385,60,50,70,50,90,65,3
270,Lotad,Normal,Fairy,220,40,30,30,40,50,30,3
271,Lombre,Rock,nan,340,60,50,50,60,70,50,3
272,Ludicolo,Normal,nan,480,80,70,70,90,100,70,3
273,Seedot,Normal,nan,220,40,40,50,30,30,30,3
274,Nuzleaf,Dark,Ghost,340,70,70,40,60,40,60,3
275,Shiftry,Dark,Ghost,480,90,100,60,90,60,80,3
276,Taillow,Steel,Fairy,270,40,55,30,30,30,85,3
277,Swellow,Steel,Fairy,455,60,85,60,75,50,125,3
278,Wingull,Steel,Rock,270,40,30,30,55,30,85,3
279,Pelipper,Steel,Rock,440,60,50,100,95,70,65,3
280,Ralts,Steel,Rock,198,28,25,25,45,35,40,3
281,Kirlia,Steel,nan,278,38,35,35,65,55,50,3
282,Gardevoir,Fighting,Psychic,518,68,65,65,125,115,80,3
282,Gardevoir-Mega,Fighting,Psychic,618,68,85,65,165,135,100,3
283,Surskit,Fighting,Psychic,269,40,30,32,50,52,65,3
284,Masquerain,Electric,nan,454,70,60,62,100,82,80,3
285,Shroomish,Electric,nan,295,60,40,60,40,60,35,3
286,Breloom,Electric,nan,460,60,130,80,60,60,70,3
287,Slakoth,Electric,nan,280,60,60,60,35,35,30,3
288,Vigoroth,Electric,nan,440,80,80,80,55,55,90,3
289,Slaking,Bug,nan,670,150,160,100,95,65,100,3
290,Nincada,Bug,nan,266,31,45,90,30,30,40,3
291,Ninjask,Grass,Poison,456,61,90,45,50,50,160,3
292,Shedinja,Poison,nan,236,1,90,45,30,30,40,3
293,Whismur,Poison,nan,240,64,51,23,51,23,28,3
294,Loudred,Water,Dark,360,84,71,43,71,43,48,3
295,Exploud,Water,Dark,490,104,91,63,91,73,68,3
296,Makuhita,Water,Dark,237,72,60,30,20,30,25,3
297,Hariyama,Water,nan,474,144,120,60,40,60,50,3
298,Azurill,Water,nan,190,50,20,40,20,40,20,3
299,Nosepass,Fire,Ground,375,30,45,135,45,90,30,3
300,Skitty,Fire,Ground,260,50,45,45,35,35,50,3
301,Delcatty,Fire,Ground,400,70,65,65,55,55,90,3
302,Sableye,Fire,nan,380,50,75,75,65,65,50,3
302,Sableye-Mega,Psychic,nan,480,50,85,125,85,115,20,3
303,Mawile,Psychic,nan,380,50,85,85,55,55,50,3
303,Mawile-Mega,Normal,nan,480,50,105,125,55,95,50,3
304,Aron,Ground,nan,330,50,70,100,40,40,30,3
305,Lairon,Ground,Dragon,430,60,90,140,50,50,40,3
306,Aggron,Ground,Dragon,530,70,110,180,60,60,50,3
306,Aggron-Mega,Grass,nan,630,70,140,230,60,80,50,3
307,Meditite,Grass,Dark,280,30,40,55,40,55,60,3
308,Medicham,Normal,Flying,410,60,60,75,60,75,80,3
308,Medicham-Mega,Dragon,Flying,510,60,100,85,80,85,100,3
309,Electrike,Dragon,Fairy,295,40,45,40,65,40,65,3
310,Manectric,Normal,nan,475,70,75,60,105,60,105,3
310,Manectric-Mega,Poison,nan,575,70,75,80,135,80,135,3
311,Plusle,Rock,Psychic,405,60,50,40,85,75,95,3
312,Minun,Rock,Psychic,405,60,40,50,75,85,95,3
313,Volbeat,Water,Ground,430,65,73,75,47,85,85,3
314,Illumise,Water,Ground,430,65,47,75,73,85,85,3
315,Roselia,Water,nan,400,50,60,45,100,80,65,3
316,Gulpin,Water,Dark,302,70,43,53,43,53,40,3
317,Swalot,Ground,Psychic,467,100,73,83,73,83,55,3
318,Carvanha,Ground,Psychic,305,45,90,20,65,20,65,3
319,Sharpedo,Rock,Grass,460,70,120,40,95,40,95,3
319,Sharpedo-Mega,Rock,Grass,560,70,140,70,110,65,105,3
320,Wailmer,Rock,Bug,400,130,70,35,70,35,60,3
321,Wailord,Rock,Bug,500,170,90,45,90,45,60,3
322,Numel,Water,nan,305,60,60,40,65,45,35,3
323,Camerupt,Water,nan,460,70,100,70,105,75,40,3
323,Camerupt-Mega Camerupt),Normal,nan,560,70,120,100,145,105,20,3
324,Torkoal,Normal,nan,470,70,85,140,85,70,20,3
325,Spoink,Ghost,nan,330,60,25,35,70,80,60,3
326,Grumpig,Ghost,nan,470,80,45,65,90,110,80,3
327,Spinda,Ghost,nan,360,60,60,60,60,60,60,3
328,Trapinch,Ghost,nan,290,45,100,45,45,45,10,3
329,Vibrava,Ghost,nan,340,50,70,50,50,50,70,3
330,Flygon,Grass,Flying,520,80,100,80,80,80,100,3
331,Cacnea,Psychic,nan,335,50,85,40,85,40,35,3
332,Cacturne,Dark,nan,475,70,115,60,115,60,55,3
333,Swablu,Dark,nan,310,45,40,60,40,75,50,3
334,Altaria,Psychic,nan,490,75,70,90,70,105,80,3
334,Altaria-Mega Altaria),Ice,nan,590,75,110,110,110,105,80,3
335,Zangoose,Ice,nan,458,73,115,60,60,60,90,3
336,Seviper,Ice,nan,458,73,100,60,100,60,65,3
337,Lunatone,Ice,Water,460,90,55,65,95,85,70,3
338,Solrock,Ice,Water,460,90,95,85,55,65,70,3
339,Barboach,Ice,Water,288,50,48,43,46,41,60,3
340,Whiscash,Water,nan,468,110,78,73,76,71,60,3
341,Corphish,Water,nan,308,43,80,65,50,35,35,3
342,Crawdaunt,Water,nan,468,63,120,85,90,55,55,3
343,Baltoy,Water,Rock,300,40,40,55,40,70,55,3
344,Claydol,Water,nan,500,60,70,105,70,120,75,3
345,Lileep,Dragon,nan,355,66,41,77,61,87,23,3
346,Cradily,Dragon,nan,495,86,81,97,81,107,43,3
347,Anorith,Dragon,Flying,355,45,95,50,40,50,75,3
348,Armaldo,Dragon,Flying,495,75,125,100,70,80,45,3
349,Feebas,Steel,Psychic,200,20,15,20,10,55,80,3
350,Milotic,Steel,Psychic,540,95,60,79,100,125,81,3
351,Castform,Steel,Psychic,420,70,70,70,70,70,70,3
352,Kecleon,Steel,Psychic,440,60,90,70,60,120,40,3
353,Shuppet,Rock,nan,295,44,75,35,63,33,45,3
354,Banette,Ice,nan,455,64,115,65,83,63,65,3
354,Banette-Mega Banette),Steel,nan,555,64,165,75,93,83,75,3
355,Duskull,Dragon,Psychic,295,20,40,90,30,90,25,3
356,Dusclops,Dragon,Psychic,455,40,70,130,60,130,25,3
357,Tropius,Dragon,Psychic,460,99,68,83,72,87,51,3
358,Chimecho,Dragon,Psychic,455,75,50,80,95,90,65,3
359,Absol,Water,nan,465,65,130,60,75,60,75,3
359,Absol-Mega Absol),Water,nan,565,65,150,60,115,60,115,3
360,Wynaut,Ground,nan,260,95,23,48,23,48,23,3
361,Snorunt,Ground,Fire,300,50,50,50,50,50,50,3
362,Glalie,Dragon,Flying,480,80,80,80,80,80,80,3
362,Glalie-Mega Glalie),Dragon,Flying,580,80,120,80,120,80,100,3
363,Spheal,Steel,Psychic,290,70,40,50,55,50,25,3
364,Sealeo,Psychic,nan,410,90,60,70,75,70,45,3
365,Walrein,Psychic,nan,530,110,80,90,95,90,65,3
366,Clamperl,Psychic,nan,345,35,64,85,74,55,32,3
367,Huntail,Psychic,nan,485,55,104,105,94,75,52,3
368,Gorebyss,Grass,nan,485,55,84,105,114,75,52,4
369,Relicanth,Grass,nan,485,100,90,130,45,65,55,4
370,Luvdisc,Grass,Ground,330,43,30,55,40,65,97,4
371,Bagon,Fire,nan,300,45,75,60,40,30,50,4
372,Shelgon,Fire,Fighting,420,65,95,100,60,50,50,4
373,Salamence,Fire,Fighting,600,95,135,80,110,80,100,4
373,Salamence-Mega Salamence),Water,nan,700,95,145,130,120,90,120,4
374,Beldum,Water,nan,300,40,55,80,35,60,30,4
375,Metang,Water,Steel,420,60,75,100,55,80,50,4
376,Metagross,Normal,Flying,600,80,135,130,95,90,70,4
376,Metagross-Mega Metagross),Normal,Flying,700,80,145,150,105,110,110,4
377,Regirock,Normal,Flying,580,80,100,200,50,100,50,4
378,Regice,Normal,nan,580,80,50,100,100,200,50,4
379,Registeel,Normal,Water,580,80,75,150,75,150,50,4
380,Latias,Bug,nan,600,80,80,90,110,130,110,4
380,Latias-Mega Latias),Bug,nan,700,80,100,120,140,150,110,4
381,Latios,Electric,nan,600,80,90,80,130,110,110,4
381,Latios-Mega Latios),Electric,nan,700,80,130,100,160,120,110,4
382,Kyogre,Electric,nan,670,100,100,90,150,140,90,4
382,Kyogre (Primal Kyogre),Grass,Poison,770,100,150,90,180,160,90,4
383,Groudon,Grass,Poison,670,100,150,140,100,90,90,4
383,Groudon (Primal Groudon),Rock,nan,770,100,180,160,150,90,90,4
384,Rayquaza,Rock,nan,680,105,150,90,150,90,95,4
384,Rayquaza-Mega Rayquaza),Rock,Steel,780,105,180,100,180,100,115,4
385,Jirachi,Rock,Steel,600,100,100,100,100,100,100,4
386,Deoxys (Normal Forme),Bug,nan,600,50,150,50,150,50,150,4
386,Deoxys (Attack Forme),Bug,Grass,600,50,180,20,180,20,150,4
386,Deoxys (Defense Forme),Bug,Ground,600,50,70,160,70,160,90,4
386,Deoxys (Speed Forme),Bug,Steel,600,50,95,90,95,90,180,4
387,Turtwig,Bug,Flying,318,55,68,64,45,55,31,4
388,Grotle,Bug,Flying,405,75,89,85,55,65,36,4
389,Torterra,Bug,Flying,525,95,109,105,75,85,56,4
390,Chimchar,Electric,nan,309,44,58,44,58,44,61,4
391,Monferno,Water,nan,405,64,78,52,78,52,81,4
392,Infernape,Water,nan,534,76,104,71,104,71,108,4
393,Piplup,Grass,nan,314,53,51,53,61,56,40,4
394,Prinplup,Grass,nan,405,64,66,68,81,76,50,4
395,Empoleon,Water,nan,530,84,86,88,111,101,60,4
396,Starly,Water,Ground,245,40,55,30,30,30,60,4
397,Staravia,Normal,nan,340,55,75,50,40,40,80,4
398,Staraptor,Ghost,Flying,485,85,120,70,50,60,100,4
399,Bidoof,Ghost,Flying,250,59,45,40,35,40,31,4
400,Bibarel,Normal,nan,410,79,85,60,55,60,71,4
401,Kricketot,Normal,nan,194,37,25,41,25,41,25,4
402,Kricketune,Normal,Fighting,384,77,85,51,55,51,65,4
403,Shinx,Ghost,nan,263,45,65,34,40,34,45,4
404,Luxio,Dark,Flying,363,60,85,49,60,49,60,4
405,Luxray,Normal,nan,523,80,120,79,95,79,70,4
406,Budew,Normal,nan,280,40,30,35,50,70,55,4
407,Roserade,Psychic,nan,515,60,70,65,125,105,90,4
408,Cranidos,Poison,Dark,350,67,125,40,30,30,58,4
409,Rampardos,Poison,Dark,495,97,165,60,65,50,58,4
410,Shieldon,Steel,Psychic,350,30,42,118,42,88,30,4
411,Bastiodon,Steel,Psychic,495,60,52,168,47,138,30,4
412,Burmy,Rock,nan,224,40,29,45,29,45,36,4
413,Wormadam (Plant Cloak),Psychic,Fairy,424,60,59,85,79,105,36,4
413,Wormadam (Sandy Cloak),Normal,nan,424,60,79,105,59,85,36,4
413,Wormadam (Trash Cloak),Normal,Flying,424,60,69,95,69,95,36,4
414,Mothim,Ghost,Dark,424,70,94,50,94,50,66,4
415,Combee,Dragon,Ground,244,30,30,42,30,42,70,4
416,Vespiquen,Dragon,Ground,474,70,80,102,80,102,40,4
417,Pachirisu,Dragon,Ground,405,60,45,70,45,90,95,4
418,Buizel,Dragon,Ground,330,55,65,35,60,30,85,4
419,Floatzel,Normal,nan,495,85,105,55,85,50,115,4
420,Cherubi,Fighting,nan,275,45,35,45,62,53,35,4
421,Cherrim,Fighting,Steel,450,70,60,70,87,78,85,4
422,Shellos,Fighting,Steel,325,76,48,48,57,62,34,4
423,Gastrodon,Ground,nan,475,111,83,68,92,82,39,4
424,Ambipom,Ground,nan,482,75,100,66,60,66,115,4
425,Drifloon,Poison,Bug,348,90,50,34,60,44,70,4
426,Drifblim,Poison,Dark,498,150,80,44,90,54,80,4
427,Buneary,Poison,Fighting,350,55,66,44,44,56,85,4
428,Lopunny,Poison,Fighting,480,65,76,84,54,96,105,4
428,Lopunny-Mega Lopunny),Grass,nan,580,65,136,94,54,96,135,4
429,Mismagius,Water,nan,495,60,60,60,105,105,105,4
430,Honchkrow,Water,nan,505,100,125,52,105,52,71,4
431,Glameow,Water,Flying,310,49,55,42,42,37,85,4
432,Purugly,Grass,Ice,452,71,82,64,64,59,112,4
433,Chingling,Grass,Ice,285,45,30,50,65,50,45,4
434,Stunky,Grass,Ice,329,63,63,47,41,41,74,4
435,Skuntank,Dark,Ice,479,103,93,67,71,61,84,4
436,Bronzor,Electric,Steel,300,57,24,86,24,86,23,4
437,Bronzong,Normal,nan,500,67,89,116,79,116,33,4
438,Bonsly,Ground,Rock,290,50,80,95,10,45,10,4
439,Mime Jr.,Grass,nan,310,20,25,45,70,90,60,4
440,Happiny,Electric,nan,220,100,5,5,15,65,30,4
441,Chatot,Fire,nan,411,76,65,45,92,42,91,4
442,Spiritomb,Fairy,Flying,485,50,92,108,92,108,35,4
443,Gible,Bug,Flying,300,58,70,45,40,45,42,4
444,Gabite,Grass,nan,410,68,90,65,50,55,82,4
445,Garchomp,Ice,nan,600,108,130,95,80,85,102,4
445,Garchomp-Mega Garchomp),Ground,Flying,700,108,170,115,120,95,92,4
446,Munchlax,Ice,Ground,390,135,85,40,40,85,5,4
447,Riolu,Normal,nan,285,40,70,40,35,40,60,4
448,Lucario,Psychic,Fighting,525,70,110,70,115,70,90,4
448,Lucario-Mega Lucario),Psychic,Fighting,625,70,145,88,140,70,112,4
449,Hippopotas,Rock,Steel,330,68,72,78,38,42,32,4
450,Hippowdon,Ghost,nan,525,108,112,118,68,72,47,4
451,Skorupi,Ice,Ghost,330,40,50,90,30,55,65,4
452,Drapion,Electric,Ghost,500,70,90,110,60,75,95,4
453,Croagunk,Electric,Fire,300,48,61,40,61,40,50,4
454,Toxicroak,Electric,Water,490,83,106,65,86,65,85,4
455,Carnivine,Electric,Ice,454,74,100,72,90,72,46,4
456,Finneon,Electric,Flying,330,49,49,56,49,61,66,4
457,Lumineon,Electric,Grass,460,69,69,76,69,86,91,4
458,Mantyke,Psychic,nan,345,45,20,50,60,120,50,4
459,Snover,Psychic,nan,334,60,62,50,62,60,40,4
460,Abomasnow,Psychic,nan,494,90,92,75,92,85,60,4
460,Abomasnow-Mega Abomasnow),Steel,Dragon,594,90,132,105,132,105,30,4
461,Weavile,Water,Dragon,510,70,120,65,45,85,125,4
462,Magnezone,Fire,Steel,535,70,70,115,130,90,60,4
463,Lickilicky,Normal,nan,515,110,85,95,80,95,50,4
464,Rhyperior,Ghost,Dragon,535,115,140,130,55,55,40,4
465,Tangrowth,Ghost,Dragon,535,100,100,125,110,50,50,4
466,Electivire,Psychic,nan,540,75,123,67,95,85,95,4
467,Magmortar,Water,nan,540,75,95,67,125,95,83,4
468,Togekiss,Water,nan,545,85,50,95,120,115,80,4
469,Yanmega,Dark,nan,515,86,76,86,116,56,95,4
470,Leafeon,Grass,nan,525,65,110,130,60,65,95,4
471,Glaceon,Grass,Flying,525,65,60,110,130,95,65,4
472,Gliscor,Normal,nan,510,75,95,125,45,75,95,4
473,Mamoswine,Psychic,Fire,530,110,130,80,70,60,80,5
474,Porygon-Z,Grass,nan,535,85,80,70,135,75,90,5
475,Gallade,Grass,nan,518,68,125,65,65,115,80,5
475,Gallade-Mega Gallade),Grass,nan,618,68,165,95,65,115,110,5
476,Probopass,Fire,nan,525,60,55,145,75,150,40,5
477,Dusknoir,Fire,Fighting,525,45,100,135,65,135,45,5
478,Froslass,Fire,Fighting,480,70,80,70,80,70,110,5
479,Rotom,Water,nan,440,50,50,77,95,77,91,5
479,Rotom (Heat Rotom),Water,nan,520,50,65,107,105,107,86,5
479,Rotom (Wash Rotom),Water,nan,520,50,65,107,105,107,86,5
479,Rotom (Frost Rotom),Normal,nan,520,50,65,107,105,107,86,5
479,Rotom (Fan Rotom),Normal,nan,520,50,65,107,105,107,86,5
479,Rotom (Mow Rotom),Normal,nan,520,50,65,107,105,107,86,5
480,Uxie,Normal,nan,580,75,75,130,75,130,95,5
481,Mesprit,Normal,nan,580,80,105,105,105,105,80,5
482,Azelf,Dark,nan,580,75,125,70,125,70,115,5
483,Dialga,Dark,nan,680,100,120,120,150,100,90,5
484,Palkia,Grass,nan,680,90,120,100,150,120,100,5
485,Heatran,Grass,nan,600,91,90,106,130,106,77,5
486,Regigigas,Fire,nan,670,110,160,110,80,110,100,5
487,Giratina (Altered Forme),Fire,nan,680,150,100,120,100,120,90,5
487,Giratina (Origin Forme),Water,nan,680,150,120,100,120,100,90,5
488,Cresselia,Water,nan,600,120,70,120,75,130,85,5
489,Phione,Psychic,nan,480,80,80,80,80,80,80,5
490,Manaphy,Psychic,nan,600,100,100,100,100,100,100,5
491,Darkrai,Normal,Flying,600,70,90,90,135,90,125,5
492,Shaymin (Land Forme),Normal,Flying,600,100,100,100,100,100,100,5
492,Shaymin (Sky Forme),Normal,Flying,600,100,103,75,120,75,127,5
493,Arceus,Electric,nan,720,120,120,120,120,120,120,5
494,Victini,Electric,nan,600,100,100,100,100,100,100,5
495,Snivy,Rock,nan,308,45,45,55,45,55,63,5
496,Servine,Rock,nan,413,60,60,75,60,75,83,5
497,Serperior,Rock,nan,528,75,75,95,75,95,113,5
498,Tepig,Psychic,Flying,308,65,63,45,45,45,45,5
499,Pignite,Psychic,Flying,418,90,93,55,70,55,55,5
500,Emboar,Ground,nan,528,110,123,65,100,65,65,5
501,Oshawott,Ground,Steel,308,55,55,45,63,45,45,5
502,Dewott,Normal,nan,413,75,75,60,83,60,60,5
503,Samurott,Normal,Fairy,528,95,100,85,108,70,70,5
504,Patrat,Fighting,nan,255,45,55,39,35,39,42,5
505,Watchog,Fighting,nan,420,60,85,69,60,69,77,5
506,Lillipup,Fighting,nan,275,45,60,45,25,45,55,5
507,Herdier,Water,nan,370,65,80,65,35,65,60,5
508,Stoutland,Water,Ground,500,85,110,90,45,90,80,5
509,Purrloin,Water,Ground,281,41,50,37,50,37,66,5
510,Liepard,Fighting,nan,446,64,88,50,88,50,106,5
511,Pansage,Fighting,nan,316,50,53,48,53,48,64,5
512,Simisage,Bug,Grass,498,75,98,63,98,63,101,5
513,Pansear,Bug,Grass,316,50,53,48,53,48,64,5
514,Simisear,Bug,Grass,498,75,98,63,98,63,101,5
515,Panpour,Bug,Poison,316,50,53,48,53,48,64,5
516,Simipour,Bug,Poison,498,75,98,63,98,63,101,5
517,Munna,Bug,Poison,292,76,25,45,67,55,24,5
518,Musharna,Grass,Fairy,487,116,55,85,107,95,29,5
519,Pidove,Grass,Fairy,264,50,55,50,36,30,43,5
520,Tranquill,Grass,nan,358,62,77,62,50,42,65,5
521,Unfezant,Grass,nan,488,80,115,80,65,55,93,5
522,Blitzle,Water,nan,295,45,60,32,50,32,76,5
523,Zebstrika,Ground,Dark,497,75,100,63,80,63,116,5
524,Roggenrola,Ground,Dark,280,55,75,85,25,25,15,5
525,Boldore,Ground,Dark,390,70,105,105,50,40,20,5
526,Gigalith,Fire,nan,515,85,135,130,60,80,25,5
527,Woobat,Fire,nan,323,65,45,43,55,43,72,5
528,Swoobat,Fire,Psychic,425,67,57,55,77,55,114,5
529,Drilbur,Grass,nan,328,60,85,40,30,45,68,5
530,Excadrill,Bug,Rock,508,110,135,60,50,65,88,5
531,Audino,Bug,Rock,445,103,60,86,60,86,50,5
531,Audino-Mega Audino),Dark,Fighting,545,103,60,126,80,126,50,5
532,Timburr,Dark,Fighting,305,75,80,55,25,35,35,5
533,Gurdurr,Psychic,Flying,405,85,105,85,40,50,40,5
534,Conkeldurr,Ghost,nan,505,105,140,95,55,65,45,5
535,Tympole,Ghost,nan,294,50,50,40,50,40,64,5
536,Palpitoad,Water,Rock,384,75,65,55,65,55,69,5
537,Seismitoad,Water,Rock,509,105,95,75,85,75,74,5
538,Throh,Rock,Flying,465,120,100,85,30,85,45,5
539,Sawk,Rock,Flying,465,75,125,75,30,75,85,5
540,Sewaddle,Poison,nan,310,45,53,70,40,60,42,5
541,Swadloon,Poison,nan,380,55,63,90,50,80,42,5
542,Leavanny,Dark,nan,500,75,103,80,70,80,92,5
543,Venipede,Dark,nan,260,30,45,59,30,39,57,5
544,Whirlipede,Normal,nan,360,40,55,99,40,79,47,5
545,Scolipede,Normal,nan,485,60,100,89,55,69,112,5
546,Cottonee,Psychic,nan,280,40,27,60,37,50,66,5
547,Whimsicott,Psychic,nan,480,60,67,85,77,75,116,5
548,Petilil,Psychic,nan,280,45,35,50,70,50,30,5
549,Lilligant,Psychic,nan,480,70,60,75,110,75,90,5
550,Basculin,Psychic,nan,460,70,92,65,80,55,98,5
551,Sandile,Psychic,nan,292,50,72,35,35,35,65,5
552,Krokorok,Water,Flying,351,60,82,45,45,45,74,5
553,Krookodile,Water,Flying,519,95,117,80,65,70,92,5
554,Darumaka,Ice,nan,315,70,90,45,15,45,50,5
554,Darumaka (Galarian form),Ice,nan,315,70,90,45,15,45,50,5
555,Darmanitan (Standard Mode),Ice,nan,480,105,140,55,30,55,95,5
555,Darmanitan (Zen Mode),Normal,Grass,540,105,30,105,140,105,55,5
555,Darmanitan (Galarian form),Normal,Grass,480,105,140,55,30,55,95,5
555,"Darmanitan (Galarian form, Zen Mode)",Electric,Flying,540,105,160,55,30,55,135,5
556,Maractus,Bug,nan,461,75,86,67,106,67,60,5
557,Dwebble,Bug,Steel,325,50,65,85,35,35,55,5
558,Crustle,Grass,Poison,485,70,105,125,65,75,45,5
559,Scraggy,Grass,Poison,348,50,75,70,35,70,48,5
560,Scrafty,Water,Ghost,488,65,90,115,45,115,58,5
561,Sigilyph,Water,Ghost,490,72,58,80,103,80,97,5
562,Yamask,Water,nan,303,38,30,85,55,65,30,5
562,Yamask (Galarian form),Bug,Electric,303,38,55,85,30,65,30,5
563,Cofagrigus,Bug,Electric,483,58,50,145,95,105,30,5
564,Tirtouga,Grass,Steel,355,54,78,103,53,45,22,5
565,Carracosta,Grass,Steel,495,74,108,133,83,65,32,5
566,Archen,Steel,nan,401,55,112,45,74,45,70,5
567,Archeops,Steel,nan,567,75,140,65,112,65,110,5
568,Trubbish,Steel,nan,329,50,50,62,40,62,65,5
569,Garbodor,Electric,nan,474,80,95,82,60,82,75,5
570,Zorua,Electric,nan,330,40,65,40,80,40,65,5
571,Zoroark,Electric,nan,510,60,105,60,120,60,105,5
572,Minccino,Psychic,nan,300,55,50,40,40,40,75,5
573,Cinccino,Psychic,nan,470,75,95,60,65,60,115,5
574,Gothita,Ghost,Fire,290,45,30,50,55,65,45,5
575,Gothorita,Ghost,Fire,390,60,45,70,75,85,55,5
576,Gothitelle,Ghost,Fire,490,70,55,95,95,110,65,5
577,Solosis,Dragon,nan,290,45,30,40,105,50,20,5
578,Duosion,Dragon,nan,370,65,40,50,125,60,30,5
579,Reuniclus,Dragon,nan,490,110,65,75,125,85,30,5
580,Ducklett,Ice,nan,305,62,44,50,44,50,55,5
581,Swanna,Ice,nan,473,75,87,63,87,63,98,5
582,Vanillite,Ice,nan,305,36,50,50,65,60,44,5
583,Vanillish,Bug,nan,395,51,65,65,80,75,59,5
584,Vanilluxe,Bug,nan,535,71,95,85,110,95,79,5
585,Deerling,Ground,Electric,335,60,60,50,40,50,75,5
586,Sawsbuck,Fighting,nan,475,80,100,70,60,70,95,5
587,Emolga,Fighting,nan,428,55,75,60,75,60,103,5
588,Karrablast,Dragon,nan,315,50,75,45,40,45,60,5
589,Escavalier,Ground,Ghost,495,70,135,105,60,105,20,5
590,Foongus,Ground,Ghost,294,69,55,45,55,55,15,5
591,Amoonguss,Dark,Steel,464,114,85,70,85,80,30,5
592,Frillish,Dark,Steel,335,55,40,50,65,85,40,5
593,Jellicent,Normal,nan,480,100,60,70,85,105,60,5
594,Alomomola,Normal,Flying,470,165,75,80,40,45,65,5
595,Joltik,Normal,Flying,319,50,47,50,57,50,65,5
596,Galvantula,Dark,Flying,472,70,77,60,97,60,108,5
597,Ferroseed,Dark,Flying,305,44,50,91,24,86,10,5
598,Ferrothorn,Fire,nan,489,74,94,131,54,116,20,5
599,Klink,Bug,Steel,300,40,55,70,45,60,30,5
600,Klang,Dark,Dragon,440,60,80,95,70,85,50,5
601,Klinklang,Dark,Dragon,520,60,100,115,70,85,90,5
602,Tynamo,Dark,Dragon,275,35,55,40,45,40,60,5
603,Eelektrik,Bug,Fire,405,65,85,70,75,70,40,5
604,Eelektross,Bug,Fire,515,85,115,80,105,80,50,5
605,Elgyem,Steel,Fighting,335,55,55,55,85,55,30,5
606,Beheeyem,Rock,Fighting,485,75,75,75,125,95,40,5
607,Litwick,Grass,Fighting,275,50,30,55,65,55,20,5
608,Lampent,Flying,nan,370,60,40,60,95,60,55,5
609,Chandelure,Flying,nan,520,60,55,90,145,90,80,5
610,Axew,Electric,Flying,320,46,87,60,30,40,57,5
611,Fraxure,Electric,Flying,410,66,117,70,40,50,67,5
612,Haxorus,Dragon,Fire,540,76,147,90,60,70,97,5
613,Cubchoo,Dragon,Electric,305,55,70,40,60,40,40,5
614,Beartic,Ground,Flying,505,95,130,80,70,80,50,5
615,Cryogonal,Ground,Flying,515,80,50,50,95,135,105,5
616,Shelmet,Dragon,Ice,305,50,40,85,40,65,25,5
617,Accelgor,Dragon,Ice,495,80,70,40,100,60,145,5
618,Stunfisk,Dragon,Ice,471,109,66,84,81,99,32,5
618,Stunfisk (Galarian form),Water,Fighting,471,109,81,99,66,84,32,5
619,Mienfoo,Water,Fighting,350,45,85,50,55,50,65,5
620,Mienshao,Normal,Psychic,510,65,125,60,95,60,105,5
621,Druddigon,Normal,Fighting,485,77,120,90,60,90,48,5
622,Golett,Bug,Steel,303,59,74,50,35,50,35,5
623,Golurk,Grass,nan,483,89,124,80,55,80,55,6
624,Pawniard,Grass,nan,340,45,85,70,40,40,60,6
625,Bisharp,Grass,Fighting,490,65,125,100,60,70,70,6
626,Bouffalant,Fire,nan,490,95,110,95,40,95,55,6
627,Rufflet,Fire,nan,350,70,83,50,37,50,60,6
628,Braviary,Fire,Psychic,510,100,123,75,57,75,80,6
629,Vullaby,Water,nan,370,70,55,75,45,65,60,6
630,Mandibuzz,Water,nan,510,110,65,105,55,95,80,6
631,Heatmor,Water,Dark,484,85,97,66,105,66,65,6
632,Durant,Normal,nan,484,58,109,112,48,48,109,6
633,Deino,Normal,Ground,300,52,65,50,45,50,38,6
634,Zweilous,Normal,Flying,420,72,85,70,65,70,58,6
635,Hydreigon,Fire,Flying,600,92,105,90,125,90,98,6
636,Larvesta,Fire,Flying,360,55,85,55,50,55,60,6
637,Volcarona,Bug,nan,550,85,60,65,135,105,100,6
638,Cobalion,Bug,nan,580,91,90,129,90,72,108,6
639,Terrakion,Bug,Flying,580,91,129,90,72,90,108,6
640,Virizion,Fire,Normal,580,91,90,72,90,129,108,6
641,Tornadus (Incarnate Forme),Fire,Normal,580,79,115,70,125,80,111,6
641,Tornadus (Therian Forme),Fairy,nan,580,79,100,80,110,90,121,6
642,Thundurus (Incarnate Forme),Fairy,nan,580,79,115,70,125,80,111,6
642,Thundurus (Therian Forme),Fairy,nan,580,79,105,70,145,80,101,6
643,Reshiram,Grass,nan,680,100,120,100,150,120,90,6
644,Zekrom,Grass,nan,680,100,150,120,120,100,90,6
645,Landorus (Incarnate Forme),Fighting,nan,600,89,125,90,115,80,101,6
645,Landorus (Therian Forme),Fighting,Dark,600,89,145,90,105,80,91,6
646,Kyurem (Normal Kyurem),Normal,nan,660,125,130,90,130,90,95,6
646,Kyurem (Black Kyurem),Psychic,nan,700,125,170,100,120,90,95,6
646,Kyurem (White Kyurem),Psychic,nan,700,125,120,90,170,100,95,6
647,Keldeo,Psychic,nan,580,91,72,90,129,90,108,6
648,Meloetta (Aria Forme),Steel,Ghost,600,100,77,77,128,128,90,6
648,Meloetta (Pirouette Forme),Steel,Ghost,600,100,128,90,77,77,128,6
649,Genesect,Steel,Ghost,600,71,120,95,120,95,99,6
650,Chespin,Steel,Ghost,313,56,61,65,48,45,38,6
651,Quilladin,Fairy,nan,405,61,78,95,56,58,57,6
652,Chesnaught,Fairy,nan,530,88,107,122,74,75,64,6
653,Fennekin,Fairy,nan,307,40,45,40,62,60,60,6
654,Braixen,Fairy,nan,409,59,59,58,90,70,73,6
655,Delphox,Dark,Psychic,534,75,69,72,114,100,104,6
656,Froakie,Dark,Psychic,314,41,56,40,62,44,71,6
657,Frogadier,Rock,Water,405,54,63,52,83,56,97,6
658,Greninja,Rock,Water,530,72,95,67,103,71,122,6
658,Greninja (Ash-Greninja),Poison,Water,640,72,145,67,153,71,132,6
659,Bunnelby,Poison,Dragon,237,38,36,38,32,36,57,6
660,Diggersby,Water,nan,423,85,56,77,50,77,78,6
661,Fletchling,Water,nan,278,45,50,43,40,38,62,6
662,Fletchinder,Electric,Normal,382,62,73,55,56,52,84,6
663,Talonflame,Electric,Normal,499,78,81,71,74,69,126,6
664,Scatterbug,Rock,Dragon,200,38,35,40,27,25,35,6
665,Spewpa,Rock,Dragon,213,45,22,60,27,30,29,6
666,Vivillon,Rock,Ice,411,80,52,50,90,50,89,6
667,Litleo,Rock,Ice,369,62,50,58,73,54,72,6
668,Pyroar,Fairy,nan,507,86,68,72,109,66,106,6
669,Flabébé,Fighting,Flying,303,44,38,39,61,79,42,6
670,Floette,Electric,Fairy,371,54,45,47,75,98,52,6
671,Florges,Rock,Fairy,552,78,65,68,112,154,75,6
672,Skiddo,Dragon,nan,350,66,65,48,62,57,52,6
673,Gogoat,Dragon,nan,531,123,100,62,97,81,68,6
674,Pancham,Dragon,nan,348,67,82,62,46,48,43,6
675,Pangoro,Steel,Fairy,495,95,124,78,69,71,58,6
676,Furfrou,Ghost,Grass,472,75,80,60,65,90,102,6
677,Espurr,Ghost,Grass,355,62,48,54,63,60,68,6
678,Meowstic,Ghost,Grass,466,74,48,76,83,81,104,6
679,Honedge,Ghost,Grass,325,45,80,100,35,37,28,6
680,Doublade,Ghost,Grass,448,59,110,150,45,49,35,6
681,Aegislash (Shield Forme),Ghost,Grass,500,60,50,140,50,140,60,6
681,Aegislash (Blade Forme),Ghost,Grass,500,60,140,50,140,50,60,6
682,Spritzee,Ghost,Grass,341,78,52,60,63,65,23,6
683,Aromatisse,Ghost,Grass,462,101,72,72,99,89,29,6
684,Swirlix,Ghost,Grass,341,62,48,66,59,57,49,6
685,Slurpuff,Ice,nan,480,82,80,86,85,75,72,6
686,Inkay,Ice,nan,288,53,54,53,37,46,45,6
687,Malamar,Flying,Dragon,482,86,92,88,68,75,73,6
688,Binacle,Flying,Dragon,306,42,52,67,39,56,50,6
689,Barbaracle,Fairy,nan,500,72,105,115,54,86,68,6
690,Skrelp,Dark,Flying,320,50,60,60,60,60,30,6
691,Dragalge,Dragon,Ground,494,65,75,90,97,123,44,6
692,Clauncher,Rock,Fairy,330,50,53,62,58,63,44,6
693,Clawitzer,Rock,Fairy,500,71,73,88,120,89,59,6
694,Helioptile,Psychic,Ghost,289,44,38,33,61,43,70,6
695,Heliolisk,Psychic,Dark,481,62,55,52,109,94,109,6
696,Tyrunt,Fire,Water,362,58,89,77,45,45,48,6
697,Tyrantrum,Grass,Flying,521,82,121,119,69,59,71,7
698,Amaura,Grass,Flying,362,77,59,50,67,63,46,7
699,Aurorus,Grass,Ghost,521,123,77,72,99,92,58,7
700,Sylveon,Fire,nan,525,95,65,65,110,130,60,7
701,Hawlucha,Fire,nan,500,78,92,75,74,63,118,7
702,Dedenne,Fire,Dark,431,67,58,57,81,67,101,7
703,Carbink,Water,nan,500,50,50,150,50,150,50,7
704,Goomy,Water,nan,300,45,50,35,55,75,40,7
705,Sliggoo,Water,Fairy,452,68,75,53,83,113,60,7
706,Goodra,Normal,Flying,600,90,100,70,110,150,80,7
707,Klefki,Normal,Flying,470,57,80,91,80,87,75,7
708,Phantump,Normal,Flying,309,43,70,48,50,60,38,7
709,Trevenant,Normal,nan,474,85,110,76,65,82,56,7
710,Pumpkaboo (Small Size),Normal,nan,335,44,66,70,44,55,56,7
710,Pumpkaboo (Average Size),Bug,nan,335,49,66,70,44,55,51,7
710,Pumpkaboo (Large Size),Bug,Electric,335,54,66,70,44,55,46,7
710,Pumpkaboo (Super Size),Bug,Electric,335,59,66,70,44,55,41,7
711,Gourgeist (Small Size),Fighting,nan,494,55,85,122,58,75,99,7
711,Gourgeist (Average Size),Fighting,Ice,494,65,90,122,58,75,84,7
711,Gourgeist (Large Size),Fire,Flying,494,75,95,122,58,75,69,7
711,Gourgeist (Super Size),Bug,Fairy,494,85,100,122,58,75,54,7
712,Bergmite,Bug,Fairy,304,55,69,85,32,35,28,7
713,Avalugg,Rock,nan,514,95,117,184,44,46,28,7
714,Noibat,Rock,nan,245,40,30,35,45,40,55,7
715,Noivern,Water,nan,535,85,70,80,97,80,123,7
716,Xerneas,Poison,Water,680,126,131,95,131,98,99,7
717,Yveltal,Poison,Water,680,126,131,95,131,98,99,7
718,Zygarde (50% Forme),Ground,nan,600,108,100,121,81,95,95,7
718,Zygarde (10% Forme),Ground,nan,486,54,100,71,61,85,115,7
718,Zygarde (Complete Forme),Water,Bug,708,216,100,121,91,95,85,7
719,Diancie,Water,Bug,600,50,100,150,100,150,50,7
719,Diancie-Mega Diancie),Grass,nan,700,50,160,110,160,110,110,7
720,Hoopa (Hoopa Confined),Grass,nan,600,80,110,60,150,130,70,7
720,Hoopa (Hoopa Unbound),Grass,Fairy,680,80,160,60,170,130,80,7
721,Volcanion,Grass,Fairy,600,80,110,120,130,90,70,7
722,Rowlet,Poison,Fire,320,68,55,55,50,50,42,7
723,Dartrix,Poison,Fire,420,78,75,75,70,70,52,7
724,Decidueye,Normal,Fighting,530,78,107,75,100,100,70,7
725,Litten,Normal,Fighting,320,45,65,40,60,40,70,7
726,Torracat,Grass,nan,420,65,85,50,80,50,90,7
727,Incineroar,Grass,nan,530,95,115,90,80,90,60,7
728,Popplio,Grass,nan,320,50,54,54,66,56,40,7
729,Brionne,Fairy,nan,420,60,69,69,91,81,50,7
730,Primarina,Normal,Psychic,530,80,74,74,126,116,60,7
731,Pikipek,Fighting,nan,265,35,75,30,30,30,65,7
732,Trumbeak,Bug,Water,355,55,85,50,40,50,75,7
733,Toucannon,Bug,Water,485,80,120,75,75,75,60,7
734,Yungoos,Ghost,Ground,253,48,70,30,30,30,45,7
735,Gumshoos,Ghost,Ground,418,88,110,60,55,60,45,7
736,Grubbin,Water,nan,300,47,62,45,55,45,46,7
737,Charjabug,Normal,nan,400,57,82,95,55,75,36,7
738,Vikavolt,Normal,nan,500,77,70,90,145,75,43,7
739,Crabrawler,Rock,Flying,338,47,82,57,42,47,63,7
740,Crabominable,Normal,nan,478,97,132,77,62,67,43,7
741,Oricorio,Fire,Dragon,476,75,70,70,98,70,93,7
742,Cutiefly,Electric,Steel,304,40,45,40,55,40,84,7
743,Ribombee,Ghost,Fairy,464,60,55,60,95,70,124,7
744,Rockruff,Water,Psychic,280,45,65,40,30,40,60,7
745,Lycanroc (Midday Form),Normal,Dragon,487,75,115,65,55,65,112,7
745,Lycanroc (Midnight Form),Ghost,Grass,487,85,115,75,55,75,82,7
745,Lycanroc (Dusk Form),Dragon,nan,487,75,117,65,55,65,110,7
746,Wishiwashi (Solo Form),Dragon,Fighting,175,45,20,20,25,25,40,7
746,Wishiwashi (School Form),Dragon,Fighting,620,45,140,130,140,135,30,7
747,Mareanie,Electric,Fairy,305,50,53,62,43,52,45,7
748,Toxapex,Psychic,Fairy,495,50,63,152,53,142,35,7
749,Mudbray,Grass,Fairy,385,70,100,70,45,55,45,7
750,Mudsdale,Water,Fairy,500,100,125,100,55,85,35,7
751,Dewpider,Psychic,nan,269,38,40,52,40,72,27,7
752,Araquanid,Psychic,nan,454,68,70,92,50,132,42,7
753,Fomantis,Psychic,Steel,250,40,55,35,50,35,35,7
754,Lurantis,Psychic,Ghost,480,70,105,90,80,90,45,7
755,Morelull,Rock,Poison,285,40,35,55,65,75,15,7
756,Shiinotic,Bug,Fighting,405,60,45,80,90,100,30,7
757,Salandit,Bug,Fighting,320,48,44,40,71,40,77,7
758,Salazzle,Electric,nan,480,68,64,60,111,60,117,7
759,Stufful,Steel,Flying,340,70,75,50,45,50,50,7
760,Bewear,Grass,Steel,500,120,125,80,55,60,60,7
761,Bounsweet,Dark,Dragon,210,42,30,38,30,38,32,7
762,Steenee,Psychic,nan,290,52,40,48,40,48,62,7
763,Tsareena,Steel,Fairy,510,72,120,98,50,98,72,7
764,Comfey,Fighting,Ghost,485,51,52,90,82,110,100,7
765,Oranguru,Poison,nan,490,90,60,80,90,110,60,7
766,Passimian,Poison,Dragon,490,100,120,90,40,60,80,7
767,Wimpod,Rock,Steel,230,25,35,40,20,30,80,7
768,Golisopod,Fire,Ghost,530,75,125,140,60,90,40,7
769,Sandygast,Electric,nan,320,55,55,80,70,45,15,7
770,Palossand,Ghost,Ground,480,85,75,110,100,75,35,8
771,Pyukumuku,Water,nan,410,55,60,130,30,130,5,8
772,Type: Null,Normal,nan,534,95,95,95,95,95,59,8
773,Silvally,Normal,nan,570,95,95,95,95,95,95,8
774,Minior (Meteor Form),Rock,Flying,440,60,60,100,60,100,60,8
774,Minior (Core Form),Rock,Flying,500,60,100,60,100,60,120,8
775,Komala,Normal,nan,480,65,115,65,75,95,65,8
776,Turtonator,Fire,Dragon,485,60,78,135,91,85,36,8
777,Togedemaru,Electric,Steel,435,65,98,63,40,73,96,8
778,Mimikyu,Ghost,Fairy,476,55,90,80,50,105,96,8
779,Bruxish,Water,Psychic,475,68,105,70,70,70,92,8
780,Drampa,Normal,Dragon,485,78,60,85,135,91,36,8
781,Dhelmise,Ghost,Grass,517,70,131,100,86,90,40,8
782,Jangmo-o,Dragon,nan,300,45,55,65,45,45,45,8
783,Hakamo-o,Dragon,Fighting,420,55,75,90,65,70,65,8
784,Kommo-o,Dragon,Fighting,600,75,110,125,100,105,85,8
785,Tapu Koko,Electric,Fairy,570,70,115,85,95,75,130,8
786,Tapu Lele,Psychic,Fairy,570,70,85,75,130,115,95,8
787,Tapu Bulu,"Grass
",nan,570,70,130,115,85,95,75,8
788,Tapu Fini,Water,Fairy,570,70,75,115,95,130,85,8
789,Cosmog,Psychic,nan,200,43,29,31,29,31,37,8
790,Cosmoem,Psychic,nan,400,43,29,131,29,131,37,8
791,Solgaleo,Psychic,Steel,680,137,137,107,113,89,97,8
792,Lunala,Psychic,Ghost,680,137,113,89,137,107,97,8
793,Nihilego,"Rock
",Poison,570,109,53,47,127,131,103,8
794,Buzzwole,Bug,Fighting,570,107,139,139,53,53,79,8
795,Pheromosa,Bug,Fighting,570,71,137,37,137,37,151,8
796,Xurkitree,Electric,nan,570,83,89,71,173,71,83,8
797,Celesteela,Steel,Flying,570,97,101,103,107,101,61,8
798,Kartana,Grass,Steel,570,59,181,131,59,31,109,8
799,Guzzlord,Dark,Dragon,570,223,101,53,97,53,43,8
800,Necrozma,Psychic,nan,600,97,107,101,127,89,79,8
800,Necrozma (Dusk Mane),Psychic,Steel,680,97,157,127,113,109,77,8
800,Necrozma (Dawn Wings),Psychic,Ghost,680,97,113,109,157,127,77,8
800,Necrozma (Ultra Necrozma),Psychic,Dragon,754,97,167,97,167,97,129,8
801,Magearna,Steel,Fairy,600,80,95,115,130,115,65,8
802,Marshadow,Fighting,Ghost,600,90,125,80,90,90,125,8
803,Poipole,Poison,nan,420,67,73,67,73,67,73,8
804,Naganadel,Poison,Dragon,540,73,73,73,127,73,121,8
805,Stakataka,Rock,Steel,570,61,131,211,53,101,13,8
806,Blacephalon,Fire,Ghost,570,53,127,53,151,79,107,8
807,Zeraora,Electric,nan,600,88,112,75,102,80,143,8
808,Meltan,Steel,nan,300,46,65,65,55,35,34,8
809,Melmetal,Steel,nan,600,135,143,143,80,65,34,8
810,Grookey,Grass,nan,310,50,65,50,40,40,65,8
811,Thwackey,Grass,nan,420,70,85,70,55,60,80,8
812,Rillaboom,Grass,nan,530,100,125,90,60,70,85,8
813,Scorbunny,Fire,nan,310,50,71,40,40,40,69,8
814,Raboot,Fire,nan,420,65,86,60,55,60,94,8
815,Cinderace,Fire,nan,530,80,116,75,65,75,119,8
816,Sobble,Water,nan,310,50,40,40,70,40,70,8
817,Drizzile,Water,nan,420,65,60,55,95,55,90,8
818,Inteleon,Water,nan,530,70,85,65,125,65,120,8
819,Skwovet,Normal,nan,275,70,55,55,35,35,25,8
820,Greedent,Normal,nan,460,120,95,95,55,75,20,8
821,Rookidee,Flying,nan,245,38,47,35,33,35,57,8
822,Corvisquire,Flying,nan,365,68,67,55,43,55,77,8
823,Corviknight,Flying,Steel,495,98,87,105,53,85,67,8
824,Blipbug,Bug,nan,180,25,20,20,25,45,45,8
825,Dottler,Bug,Psychic,335,50,35,80,50,90,30,8
826,Orbeetle,Bug,Psychic,505,60,45,110,80,120,90,8
827,Nickit,Dark,nan,245,40,28,28,47,52,50,8
828,Thievul,Dark,nan,455,70,58,58,87,92,90,8
829,Gossifleur,Grass,nan,250,40,40,60,40,60,10,8
830,Eldegoss,Grass,nan,460,60,50,90,80,120,60,8
831,Wooloo,Normal,nan,270,42,40,55,40,45,48,8
832,Dubwool,Normal,nan,490,72,80,100,60,90,88,8
833,Chewtle,Water,nan,284,50,64,50,38,38,44,8
834,Drednaw,Water,Rock,485,90,115,90,48,68,74,8
835,Yamper,Electric,nan,270,59,45,50,40,50,26,8
836,Boltund,Electric,nan,490,69,90,60,90,60,121,8
837,Rolycoly,Rock,nan,240,30,40,50,40,50,30,8
838,Carkol,Rock,Fire,410,80,60,90,60,70,50,8
839,Coalossal,Rock,Fire,510,110,80,120,80,90,30,8
840,Applin,Grass,Dragon,260,40,40,80,40,40,20,8
841,Flapple,"Grass
",Dragon,485,70,110,80,95,60,70,8
842,Appletun,Grass,"Dragon
",485,110,85,80,100,80,30,8
843,Silicobra,Ground,nan,315,52,57,75,35,50,46,8
844,Sandaconda,Ground,nan,510,72,107,125,65,70,71,8
845,Cramorant,Flying,Water,475,70,85,55,85,95,85,8
846,Arrokuda,Water,nan,280,41,63,40,40,30,66,8
847,Barraskewda,Water,nan,490,61,123,60,60,50,136,8
848,Toxel,Electric,Poison,242,40,38,35,54,35,40,8
849,Toxtricity (Amped Form),Electric,Poison,502,75,98,70,114,70,75,8
849,Toxtricity (Low Key Form),Electric,Poison,502,75,98,70,114,70,75,8
850,Sizzlipede,Fire,Bug,305,50,65,45,50,50,45,8
851,Centiskorch,Fire,Bug,525,100,115,65,90,90,65,8
852,Clobbopus,Fighting,nan,310,50,68,60,50,50,32,8
853,Grapploct,Fighting,nan,480,80,118,90,70,80,42,8
854,Sinistea,Ghost,nan,308,40,45,45,74,54,50,8
855,Polteageist,Ghost,nan,508,60,65,65,134,114,70,8
856,Hatenna,Psychic,nan,265,42,30,45,56,53,39,8
857,Hattrem,Psychic,nan,370,57,40,65,86,73,49,8
858,Hatterene,Psychic,Fairy,510,57,90,95,136,103,29,8
859,Impidimp,Dark,Fairy,265,45,45,30,55,40,50,8
860,Morgrem,Dark,Fairy,370,65,60,45,75,55,70,8
861,Grimmsnarl,Dark,Fairy,510,95,120,65,95,75,60,8
862,Obstagoon,Dark,Normal,520,93,90,101,60,81,95,8
863,Perrserker,Steel,nan,440,70,110,100,50,60,50,8
864,Cursola,Ghost,nan,510,60,95,50,145,130,30,8
865,Sirfetch'd,Fighting,nan,507,62,135,95,68,82,65,8
866,Mr. Rime,Ice,Psychic,520,80,85,75,110,100,70,8
867,Runerigus,Ground,Ghost,483,58,95,145,50,105,30,8
868,Milcery,Fairy,nan,270,45,40,40,50,61,34,8
869,Alcremie,Fairy,nan,495,65,60,75,110,121,64,8
870,Falinks,Fighting,nan,470,65,100,100,70,60,75,8
871,Pincurchin,Electric,nan,435,48,101,95,91,85,15,8
872,Snom,Ice,Bug,185,30,25,35,45,30,20,8
873,Frosmoth,Ice,Bug,475,70,65,60,125,90,65,8
874,Stonjourner,Rock,nan,470,100,125,135,20,20,70,8
875,Eiscue (Ice Face),Ice,nan,470,75,80,110,65,90,50,8
875,Eiscue (Noice Face),Ice,nan,470,75,80,70,65,50,130,8
876,Indeedee (Male),Psychic,Normal,475,60,65,55,105,95,95,8
876,Indeedee (Female),Psychic,Normal,475,70,55,65,95,105,85,8
877,Morpeko,Electric,Dark,436,58,95,58,70,58,97,8
878,Cufant,Steel,nan,330,72,80,49,40,49,40,8
879,Copperajah,Steel,nan,500,122,130,69,80,69,30,8
880,Dracozolt,Electric,Dragon,505,90,100,90,80,70,75,8
881,Arctozolt,Electric,Ice,505,90,100,90,90,80,55,8
882,Dracovish,Water,Dragon,505,90,90,100,70,80,75,8
883,Arctovish,Water,Ice,505,90,90,100,80,90,55,8
884,Duraludon,Steel,Dragon,535,70,95,115,120,50,85,8
885,Dreepy,Dragon,Ghost,270,28,60,30,40,30,82,8
886,Drakloak,Dragon,Ghost,410,68,80,50,60,50,102,8
887,Dragapult,Dragon,Ghost,600,88,120,75,100,75,142,8
888,Zacian (Hero of Many Battles),Fairy,nan,670,92,130,115,80,115,138,8
888,Zacian (Crowned Sword),Fairy,Steel,720,92,170,115,80,115,148,8
889,Zamazenta (Hero of Many Battles),Fighting,nan,670,92,130,115,80,115,138,8
889,Zamazenta (Crowned Shield),"Fighting",Steel,720,92,130,145,80,145,128,8
890,Eternatus,Poison,Dragon,690,140,85,95,145,95,130,8
890,Eternatus (Eternamax),Poison,Dragon,1125,255,115,250,125,250,130,8
891,Kubfu,Fighting,nan,385,60,90,60,53,50,72,8
892,Urshifu-SingleStrike,Fighting,Dark,550,100,130,100,63,60,97,8
892,Urshifu-Rapid-Strike,Fighting,Water,550,100,130,100,63,60,97,8
893,Zarude,Dark,Grass,600,105,120,105,70,95,105,8
